COMPANY,FLAVOR/STYLE,PROTEIN  %,FAT          %,CARB         %,mg PHOS/100 kcals,"CAT FOOD - NUTRITIONAL COMPOSITION
Data compiled by Lisa A. Pierson, DVM                                                                           Typical nutrient analysis data provided by the respective companies                                                                                                                                                                                                  Wet only - no dry food is listed                                                                                            TERMS OF USE:  Linking to this proprietary work is welcomed.  However, re-posting or re-publishing this chart on any other public platform or website is expressly forbidden.  You may link to it or download and utilize for your own personal use only.   "
WELLNESS                      DIVINE DUOS,Beef Pate & Diced Chicken Liver,21,64,14,112,
WELLNESS                      DIVINE DUOS,Chicken Pate & Diced Duck,21,64,14,140,
HILL’S,k/d with Chicken,22,51,27,85,"""prescription"" diet"
WELLNESS                      DIVINE DUOS,Chicken Pate & Diced Turkey,22,61,16,140,
WELLNESS                      DIVINE DUOS,Tilapia Pate & Diced Ahi Tuna,23,62,15,206,
HILL’S,k/d Chicken & Vegetable Stew,23,50,27,105,"""prescription"" diet"
HILL’S,k/d with Ocean Fish,23,50,27,117,"""prescription"" diet"
WELLNESS                      DIVINE DUOS,Chicken Pate & Diced Salmon,23,60,16,170,
HILL’S,k/d Vegetable & Tuna Stew,24,47,29,107,"""prescription"" diet"
Royal Canin,Renal Support - D,24,60,16,80,"""prescription"" diet"
Royal Canin,Renal Support - T,24,53,23,100,"""prescription"" diet"
WELLNESS                   HEALTHY INDULGENCE,Shreds Chicken & Turkey,24,57,19,174,
ORGANIX                             With Grains,Turkey & Spinach,25,59,16,129,
ORGANIX                             With Grains,"Turkey, Brown Rice & Chicken",25,61,15,131,
DAVE’s                           Restricted Diet,Chicken in Sauce - low protein & low phosphorus,25,56,19,95,Please note that Dave’s Chicken in Sauce - low protein & and low phosphorus product mimics Hill’s k/d renal diet which is one that I would never feed to any cat in my care - including patients with kidney disease.  It was a very sad day when protein became the enemy of the feline kidney.  Please do not feed diets that are this low (or lower) in protein.
HILL’S,l/d,25,45,30,145,"""prescription"" diet"
Royal Canin,Renal Support - E,25,54,21,90,"""prescription"" diet"
SCIENCE DIET                 Adult Grain-Free     ,Chicken,25,51,24,142,
SCIENCE DIET                 Adult Grain-Free     ,Salmon,25,52,23,163,
SCIENCE DIET                 Adult Grain-Free     ,Trout,25,51,24,163,
HALO                              Spot’s Choice - Grain Free,Chicken - Shredded,25,66,9,155,
HALO                              Spot’s Choice - Grain Free,Turkey - Shredded,25,65,10,179,
ORGANIX                             With Grains,Turkey w/ Salmon,25,62,13,146,
ORGANIX                             With Grains,Turkey w/ Seafood,25,57,18,139,
WELLNESS                      DIVINE DUOS,Tuna Pate & Diced Salmon,25,59,16,155,
MERRICK                          Limited Ingredient,Duck,26,59,15,146,
TENDER and TRUE,Chicken & Brown Rice,26,39,34,,
TENDER and TRUE,Turkey $ Brown Rice,26,39,34,,
VeRUS                            New Zealand Formulas w/ Green Lipped Mussel   ,Lamb/Tripe/Vegetables,26,74,0,415,
HALO                              Spot’s Stew - Grain Free,Salmon,26,64,9,227,
WELLNESS                   HEALTHY INDULGENCE,Gravies Chicken & Turkey,26,55,19,204,
HI-TOR,Neo,26,69,4,198,
WELLNESS              SIGNATURE SELECTS,Chunky White Meat Chicken & Wild Salmon Entrée in Sauce,27,49,25,232,
KOHA                                ROO,Chicken / Kangaroo,27,58,15,387,
WELLNESS                Complete Health,"Salmon, Shrimp & Crab",27,64,9,314,
WELLNESS                     CUBED/SLICED/MINCED,Chicken Entree - Cubed,27,65,8,265,
TRIUMPH,Turkey,27,71,3,230,
HILL’S,y/d,27,49,24,141,"""prescription"" diet"
TENDER and TRUE,Chicken & Liver,27,43,30,,
TENDER and TRUE,Turkey & Liver,27,43,30,,
TENDER and TRUE,Ocean Whitefish & Brown Rice,27,40,34,,
NEWMAN’S OWN                Organic - Grain Free,Turkey,27,71,2,225,
NUTRISH,Ocean Fish-a-Licious,27,60,13,213,
ORGANIX                             Grain Free,Turkey Pate,27,67,5,193,
NUTRISH,Lip Smackin Sardine & Mackerel,27,61,12,222,
FANCY FEAST               Classic,Savory Salmon Feast,27,72,1,267,
PINNACLE,Chicken & Ocean Fish,27,68,5,172,
WELLNESS                Complete Health,Salmon & Trout,27,65,8,249,
CANIDAE                              Life Stages,Chicken & Rice,27,64,9,227,
CANIDAE                              Life Stages,Chicken,27,64,9,227,
CANIDAE                              Under the Sun - Grain Free,Duck,28,70,3,242,
KOHA                                ROO,Lamb / Kangaroo,28,63,9,271,
NEWMAN’S OWN                With Grains,Chicken & Salmon,28,64,9,221,
CANIDAE                              Under the Sun - Grain Free,Chicken,28,69,4,262,
DAVE’s                           Naturally Healthy Grain Free,Chicken & Whitefish,28,69,4,209,
WELLNESS                   HEALTHY INDULGENCE,Morsels Chicken & Chicken Liver,28,55,17,116,
WELLNESS                   HEALTHY INDULGENCE,Morsels Chicken & Turkey,28,58,14,131,
NEWMAN’S OWN                Organic - Grain Free,Chicken,28,70,2,229,
KOHA                                    Stews,Guineafowl Stew,28,60,12,197,
KOHA                                      Limited Ingredient Pate,Chicken,28,61,11,354,
PURINA                                    Pro Plan Veterinary Diets,CN,28,63,9,249,"""prescription"" diet"
BLUE                          Wilderness,Chicken,28,69,3,291,
BLUE                          Wilderness,Turkey,28,69,3,291,
BLUE                          Wilderness,Duck,28,69,3,291,
BLUE                          Wilderness,Salmon,28,69,3,291,
HILL’S,g/d,28,39,33,123,"""prescription"" diet"
HILL’S,d/d Venison,28,56,16,150,"""prescription"" diet"
HILL’S,z/d,28,37,35,157,"""prescription"" diet"
Royal Canin,Dental (DRY) ,28,36,36,180,"""prescription"" diet"
SCIENCE DIET                 Adult Grain-Free     ,Tuna,28,52,20,132,
WHOLE EARTH FARMS  Grain Free,Duck Pate,28,68,4,130,
WELLNESS                Complete Health,Kitten,28,67,5,216,
NEWMAN’S OWN                With Grains,Chicken & Brown Rice,28,62,10,211,
MERRICK                          Limited Ingredient,Salmon,28,68,4,220,
PURINA                                    Pro Plan Veterinary Diets,NF,28,45,27,136,"""prescription"" diet"
NATURAL BALANCE            Ultra Whole Body Health,"Reduced Calorie Chicken, Salmon & Duck",28,63,8,255,
CANIDAE                             PURE - Grain Free,Chicken Pate,28,68,4,224,
TIKI CAT                     Gourmet Carnivore      ,Beef and Liver,28,72,0,212,
NATURAL BALANCE            Ultra Whole Body Health,Chicken,28,64,8,284,
EVO,Duck in Gravy,28,68,3,306,
WELLNESS                   HEALTHY INDULGENCE,Morsels Turkey & Duck,28,54,17,131,
WILD CALLING,Triple Delight Cat,28,70,2,246,
WELLNESS                Complete Health,Chicken & Lobster,29,61,11,264,
NATURAL PLANET,Organic Turkey Dinner,29,71,1,250,
DAVE’s                           Naturally Healthy Grain Free,Turkey & Giblets,29,68,4,216,
DAVE’s                           Naturally Healthy Grain Free,Beef & Chicken Dinner,29,68,4,182,
CANIDAE                             PURE - Grain Free,"Chicken, Turkey, Lamb",29,66,5,239,
DRS. FOSTER & SMITH  Adult,Chicken,29,64,8,204,
NEWMAN’S OWN                Organic - Grain Free,Turkey & Liver,29,69,3,297,
NEWMAN’S OWN                With Grains,Turkey & Vegetable,29,59,12,210,
EVOLVE,Seafood,29,66,5,317,
NUTRI SOURCE,Chicken and Rice,29,59,12,236,
EVO,Turkey in Gravy,29,69,2,300,
NUTRI SOURCE,"Chicken, Turkey & Lamb",29,59,12,229,
KOHA                                     Limited Ingredient  Pate,Guineafowl,29,68,4,221,
NUTRISH,Ocean Fish & Chicken Catch-iatore,29,58,13,213,
4HEALTH,Grain-Free Turkey/Giblets,29,70,1,274,
BLUE                          Wilderness,Kitten Chicken,29,67,4,486,
BLUE                          Wilderness,Kitten Salmon,29,67,4,486,
HILL’S,s/d,29,58,13,109,"""prescription"" diet"
HILL’S,d/d Duck,29,54,17,165,"""prescription"" diet"
DR. TIM’S,Salmon & Vegetable,29,58,13,381,
CANIDAE                              Under the Sun - Grain Free,Trout,29,68,3,314,
CANIDAE                              Under the Sun - Grain Free,Turkey,29,67,4,368,
BLUE                          Wilderness,Mature Chicken,29,60,11,424,
BLUE                                 Basics,Indoor Mature Turkey & Potato,29,52,19,402,
HOUNDS & GATOS,Duck,29,69,1,346,
NATURE’S RECIPE             Culinary Favorites - Stew,Beef & Garden Vegetables in Gravy,29,41,30,266,
IAMS                                      Purrfect Delights,Tuna-Turkey Tango,29,55,15,254,
HALO                                 Vigor,Chicken & Trout,29,64,7,221,
NATURE’S LOGIC,Duck & Salmon,30,68,3,189,
NATURAL BALANCE            Ultra Whole Body Health,Kitten - Chicken,30,63,7,305,
NEWMAN’S OWN                With Grains,Turkey,30,60,11,275,
HOUNDS & GATOS,Chicken,30,70,1,237,
CANIDAE                              Life Stages,"Indoor Chicken, Lamb & Fish",30,63,7,280,
MERRICK                         Purrfect Bistro,Granny’s Pot Pie,30,64,6,252,
MERRICK                         Purrfect Bistro,Thanksgiving Day Dinner,30,64,6,252,
MERRICK                         Purrfect Bistro,Turducken,30,64,6,252,
WELLNESS                Complete Health,Chicken,30,66,4,218,
NATURAL BALANCE           Wild Pursuit,Chicken,30,57,13,230,
DRS. FOSTER & SMITH Country Classics,Trout & Brown Rice,30,59,11,242,
TRIUMPH,Beef,30,64,6,257,
KOHA                                      Limited Ingredient - Pate,Turkey,30,62,8,195,
LOTUS                               Pates,Pork & Vegetable,30,52,18,231,
PRO PLAN                          Prime Plus,Chicken & Beef,30,66,4,346,
4HEALTH,Grain-Free Chicken/Whitefish,30,70,0,287,
HILL’S,i/d ,30,47,23,203,"""prescription"" diet"
HILL’S,t/d (DRY),30,39,31,212,"""prescription"" diet"
Royal Canin,GI High Energy,30,51,19,260,"""prescription"" diet"
Royal Canin,Selected Protein - Venison,30,46,24,300,"""prescription"" diet"
WELLNESS                Complete Health,Beef & Salmon,30,64,6,207,
LOTUS                               Pates,Turkey & Vegetable,30,49,21,150,
NEWMAN’S OWN                Organic - Grain Free,Chicken & Liver,30,67,3,260,
BLUE                             Healthy Gourmet,Kitten Chicken ,30,65,5,341,
CANIDAE                              Life Stages,"Chicken, Lamb & Fish",30,57,13,226,
BLUE                                 Basics,Indoor Turkey & Potato,30,53,17,511,
BLUE                                 Basics,Indoor Duck & Potato,30,53,17,511,
BLUE                                 Basics,Indoor Fish & Potato,30,53,17,511,
WELLNESS                   HEALTHY INDULGENCE,Shreds Skipjack & Shrimp,30,56,14,250,
NATURAL BALANCE           Wild Pursuit,Salmon,30,59,11,363,
BLUE                           Freedom,Indoor Kitten,30,64,6,373,
LOTUS                               Pates,Duck & Vegetable,30,51,18,231,
WELLNESS                   HEALTHY INDULGENCE,Morsels with Tuna,30,52,17,132,
MERRICK                          Limited Ingredient,Chicken,30,65,4,388,
IAMS                                      Purrfect Delicacies,Slow-Cooked Turkey & Liver in Gravy,30,54,16,112,
KOHA                                ROO,ROO Duck / Kangaroo,30,58,11,467,
WILD CALLING,Cabin Fever Chicken Cat,30,68,2,316,
ORGANIX                             Grain Free,Chicken & Chicken Liver - Shredded,30,60,10,211,
WILD CALLING,Magic Meadow Buffalo Cat,30,68,2,309,
PRO PLAN                          Prime Plus,Turkey & Giblets,31,66,3,295,
NATURAL BALANCE              Ultra Premium,Chicken & Liver Pate,31,64,6,329,
FROMM                             Pates,Chicken & Salmon,31,67,3,292,
NATURAL PLANET,Organic Chicken Dinner,31,64,5,250,
WILD CALLING,Cowabunga Beef Cat,31,67,2,229,
TRIUMPH,Chicken & Liver,31,63,6,270,
HOLISTIC SELECT,Chicken Liver & Lamb,31,66,4,258,
HOUNDS & GATOS,Beef,31,61,8,246,
ORGANIX                             Grain Free,Chicken Pate,31,65,4,182,
MERRICK                         Purrfect Bistro,Duck,31,64,5,380,
TRADER JOE’S    ,Chicken/Turkey & Rice,31,57,12,214,
CHICKEN SOUP FOR the SOUL,Adult Formula,31,62,7,218,
TIKI CAT                     Gourmet Carnivore      ,Chicken and Liver,31,69,0,250,
NATURAL BALANCE      Indoor,Chicken,31,55,14,279,
WELLNESS                Complete Health,Beef & Chicken,31,65,4,228,
IAMS                                      Purrfect Delights,Salmon-dipity,31,58,11,302,
NATURAL BALANCE      Limited Ingredient,Duck & Green Pea,31,58,11,384,
AVODERM,Chicken Formula,31,60,9,200,
HALO                              Spot’s Stew - Grain Free,Turkey,31,59,10,215,
4HEALTH,Turkey/Salmon,31,62,7,273,
4HEALTH,Adult Chicken Formula,31,62,7,288,
GO,Grain Free Trout & Salmon Pate,31,65,4,344,
NATURE’S VARIETY            Raw Market,Chicken Meal Nuggets,31,64,5,238,
Royal Canin,SO - Pate,31,49,20,170,"""prescription"" diet"
Royal Canin,SO Morsels in Gravy,31,48,21,170,"""prescription"" diet"
Royal Canin,Selected Protein - Duck,31,53,16,190,"""prescription"" diet"
NUTRI SOURCE,"Chicken, Turkey, Lamb & Fish",31,60,8,242,
WELLNESS                   HEALTHY INDULGENCE,Gravies Tuna & Mackerel,31,55,14,282,
WELLNESS                Complete Health,Turkey,31,65,4,200,
HOUNDS & GATOS,Red Meat,31,56,12,245,
FROMM                             Pates,"Chicken, Duck & Salmon",31,65,4,268,
HOUNDS & GATOS,Turkey,31,65,4,364,
DRS. FOSTER & SMITH Country Classics,Savory Salmon/Shrimp & Brown Rice,31,56,12,220,
SOULISTIC                    Pate and Shreds ,Chicken,31,65,3,154,
WELLNESS                   HEALTHY INDULGENCE,Morsels Chicken & Salmon,31,52,17,126,
BLUE                             Healthy Gourmet,Indoor Mature Pate Chicken,31,57,11,395,
IAMS                                      Purrfect Delicacies,Roasted Chicken & Shrimp in Gravy,31,51,17,348,
WILD CALLING,Inland Waters Duck Cat,32,64,4,316,
ZIWIPEAK,Lamb,32,63,6,254,
CANIDAE                             PURE - Grain Free,Salmon Slices,32,64,4,223,
TRADER JOE’S    ,Turkey & Giblets,32,59,9,235,
NATURAL BALANCE           Wild Pursuit,Turkey,32,57,11,322,
BLUE                                 Basics,Indoor Kitten Turkey & Potato,32,60,9,390,
HOUNDS & GATOS,"Lamb, Chicken & Salmon",32,67,1,254,
TIKI CAT                     Gourmet Carnivore      ,Beef Liver and Lamb,32,68,0,198,
PINNACLE,Chicken & Tuna,32,63,5,221,
HOLISTIC SELECT,Chicken,32,66,2,221,
WELLNESS                         CORE,"Chicken, Turkey, & Chicken Liver",32,60,8,215,
NATURAL BALANCE           Wild Pursuit,Trout,32,56,13,297,
PRO PLAN                          Focus,Urinary Tract Health Formula - Beef & Chicken,32,65,3,218,
MERRICK                          Limited Ingredient,Turkey,32,64,4,279,
WYSONG ,Rabbit - Epigen,32,65,3,139,"IMPORTANT:  Please note that the Wysong Epigen (formerly “Au Jus”) diets are not complete and balanced for use as a sole diet.  They do not contain enough calcium and other nutrients to provide a nutritinally balanced diet.  If you want to feed these diets as a stand-alone meal a few times/week, or mix 10-15% of this unbalanced diet with 85-90% of a balanced diet then that should be fine."
HILL’S,j/d,32,38,30,195,"""prescription"" diet"
HILL’S,i/d Chicken & Vegetable Stew,32,44,24,219,"""prescription"" diet"
I and Love and You,Chicken Me Out ,32,66,2,313,
NATURE’S VARIETY INSTINCT                         Limited Ingredient,Lamb,32,60,8,243,
NATURE’S VARIETY INSTINCT                         Limited Ingredient,Duck,32,58,11,498,
Royal Canin,Calorie Control High Fiber,32,40,29,180,"""prescription"" diet"
IAMS                                      Purrfect Delights,Chicken-dulgence,32,55,12,211,
WYSONG ,Beef - Epigen,32,65,3,159,"IMPORTANT:  Please note that the Wysong Epigen (formerly “Au Jus”) diets are not complete and balanced for use as a sole diet.  They do not contain enough calcium and other nutrients to provide a nutritinally balanced diet.  If you want to feed these diets as a stand-alone meal a few times/week, or mix 10-15% of this unbalanced diet with 85-90% of a balanced diet then that should be fine."
HALO                              Spot’s Stew - Grain Free,Chicken,32,55,13,201,
NULO                           Freestyle/Medal Pate,Beef & Lamb,32,66,2,270,
NATURE’S RECIPE             Culinary Favorites - Slow Roasted,Turkey & Garden Vegetables ,32,59,8,286,
CHICKEN SOUP FOR the SOUL,Chicken Soufflé with Sweet Potatoes & Spinach,32,66,2,441,
HALO                                 Vigor,Salmon & Venison,32,58,10,229,
WELLNESS                     CUBED/SLICED/MINCED,Chicken Entree/Dinner - Minced,32,58,10,319,
WELLNESS                     CUBED/SLICED/MINCED,Chicken Entree - Sliced,32,58,10,327,
WYSONG ,Turkey - Epigen,32,62,6,123,"IMPORTANT:  Please note that the Wysong Epigen (formerly “Au Jus”) diets are not complete and balanced for use as a sole diet.  They do not contain enough calcium and other nutrients to provide a nutritinally balanced diet.  If you want to feed these diets as a stand-alone meal a few times/week, or mix 10-15% of this unbalanced diet with 85-90% of a balanced diet then that should be fine."
PINNACLE,Ocean Fish,32,64,4,227,
WILD CALLING,Jumping Salmon Cat,32,63,4,399,
HALO                                 Vigor,Turkey & Quail,32,58,9,329,
NATURAL BALANCE           Wild Pursuit,Beef,32,56,11,335,
NATURE’S RECIPE             Culinary Favorites - Slow Roasted,Beef & Garden Vegetables ,32,51,17,346,
WYSONG ,Duck - Epigen,32,63,5,122,"IMPORTANT:  Please note that the Wysong Epigen (formerly “Au Jus”) diets are not complete and balanced for use as a sole diet.  They do not contain enough calcium and other nutrients to provide a nutritinally balanced diet.  If you want to feed these diets as a stand-alone meal a few times/week, or mix 10-15% of this unbalanced diet with 85-90% of a balanced diet then that should be fine."
NATURAL BALANCE            Ultra Whole Body Health,Venison,33,58,9,502,
DR. TIM’S,Chicken & Vegetable,33,52,16,300,
PRO PLAN                          True Nature,Salmon & Brown Rice,33,63,4,363,
DAVE’s                           Naturally Healthy Grain Free,Chicken,33,64,3,286,
TIKI CAT                     Gourmet Carnivore      ,Tilapia,33,67,0,170,
NATURE’S RECIPE             Culinary Favorites - Pate,Chicken & Tuna Recipe in Gravy ,33,56,12,154,
FROMM                             Pates,Chicken & Duck,33,66,1,251,
WYSONG ,Chicken - Epigen,33,62,5,143,"IMPORTANT:  Please note that the Wysong Epigen (formerly “Au Jus”) diets are not complete and balanced for use as a sole diet.  They do not contain enough calcium and other nutrients to provide a nutritinally balanced diet.  If you want to feed these diets as a stand-alone meal a few times/week, or mix 10-15% of this unbalanced diet with 85-90% of a balanced diet then that should be fine."
NATURAL BALANCE      Platefulls,Chicken & Pumpkin,33,51,16,263,
WILD CALLING,Rabbit Burrow Rabbit Cat,33,64,4,312,
NATURAL BALANCE      Platefulls,Chicken & Legume,33,46,21,279,
KOHA                                ROO,Turkey / Kangaroo,33,62,6,239,
FROMM                             Pates,Turkey,33,55,12,236,
HALO                               Spot’s Pate - Grain Free,Salmon,33,66,1,319,
EVOLVE,Turkey,33,65,2,289,
WELLNESS              SIGNATURE SELECTS,Chunky Turkey & White Meat Chicken Entrée in Sauce,33,39,29,229,
PRO PLAN                          Prime Plus,Salnon & Tuna,33,64,3,315,
IAMS                                      Purrfect Delights,Cluckin’ Good Chicken Dinner,33,52,15,303,
BLUE                           Freedom,Indoor Mature Chicken,33,59,8,411,
4HEALTH,Chicken/Beef,33,59,8,278,
4HEALTH,Indoor Chicken,33,57,10,320,
BLUE                           Wilderness Rocky Mountain Recipe,Red Meat,33,64,4,360,
BLUE                           Wilderness Rocky Mountain Recipe,Trout,33,64,4,360,
HILL’S,a/d,33,55,12,209,"""prescription"" diet"
Royal Canin,Senior Consult,33,37,30,140,"""prescription"" diet"
SCIENCE DIET               Mature Adult        ,Chicken Supper,33,43,24,151,
BEYOND - PATE                             Grain Free,Artic Char & Spinach   ,33,65,2,228,
DAVE’s                           Naturally Healthy Grain Free,Turkey,33,64,3,288,
NUTRISH,Paw Lickin' Chicken & Liver,33,50,17,228,
TRADER JOE’S    ,"Ocean Fish, Salmon & Rice",33,56,11,240,
NATURE’S LOGIC,Beef,33,63,4,117,
AVODERM,Indoor Weight Control,33,46,20,249,
DAVE’s                           Restricted Diet,Pork - low phosphorus & magnesium,33,58,9,154,
TRIUMPH,Salmon,33,61,6,289,
ZIWIPEAK,Beef,33,57,10,298,
WILD CALLING,Trot-N-Tommy Turkey Cat,33,64,2,327,
KOHA                                    Stews,Venison Stew,33,63,4,286,
9Lives                                 Meaty Pate,Super Supper,33,62,5,324,
NATURE’S LOGIC,Turkey,33,63,3,295,
HALO                              Spot’s Stew - Grain Free,Chicken & Beef,33,55,11,303,
9Lives                                 Meaty Pate,Liver & Bacon,33,61,6,303,
KOHA                                      Limited Ingredient Pate,Duck,33,65,2,239,
TIKI CAT                     Gourmet Carnivore      ,Seabass,33,67,0,163,
TIKI CAT                     Gourmet Carnivore      ,Bonito Tuna,33,67,0,208,
PURE-VITA,Beef Stew,33,53,14,242,
DRS. FOSTER & SMITH  Adult,Turkey,34,57,10,250,
ORGANIX                             Grain Free,Chicken & Chicken Liver Pate,34,63,4,212,
HOLISTIC SELECT,Salmon & Shrimp,34,61,6,311,
9Lives                                 Meaty Pate,Seafood Platter,34,62,4,339,
VeRUS                            USA Formulas    ,"Turkey, Chicken & Fish",34,66,0,327,
NATURAL BALANCE      Platefulls,Chicken & Giblets,34,50,17,302,
NATURAL BALANCE      Platefulls,"Turkey, Chicken & Duck",34,48,19,385,
PRO PLAN                          Prime Plus,Whitefish & Salmon,34,63,3,284,
MERRICK                         Purrfect Bistro,Chicken,34,64,2,431,
TRIUMPH,Trout,34,61,5,314,
NATURAL BALANCE      Platefulls,Chicken & Salmon,34,49,17,316,
HALO                               Spot’s Pate - Grain Free,Chicken,34,62,4,291,
PURE-VITA,Turkey Stew,34,57,9,275,
NATURE’S LOGIC,Chicken,34,65,1,299,
KOHA                                    Stews,Chicken Stew,34,56,10,296,
ORGANIX                             Grain Free,Chicken - Shredded ,34,55,11,202,
9Lives                                 Meaty Pate,Chicken & Tuna,34,62,4,333,
BLUE                             Healthy Gourmet,Pate Turkey & Chicken,34,58,8,385,
BLUE                             Healthy Gourmet,Pate Beef,34,58,8,385,
BLUE                             Healthy Gourmet,Pate Indoor Chicken,34,58,8,385,
BLUE                             Healthy Gourmet,Pate Indoor Salmon,34,58,8,385,
BLUE                             Healthy Gourmet,Pate Ocean Fish & Tuna,34,58,8,385,
HILL’S,c/d Multicare Urinary Stress Chicken & Vegetable Stew,34,38,28,191,"""prescription"" diet"
HILL’S                               Healthy Advantage,Adult Chicken,34,40,26,154,sold only by veterinarians
I and Love and You,Wholly Cow!,34,63,3,140,
I and Love and You,Purrky Turkey,34,60,5,349,
NATURE’S VARIETY         Instinct - original,Lamb,34,61,4,284,
NATURE’S VARIETY        Pride,Minced Lamb,34,52,14,218,
NATURE’S VARIETY INSTINCT                         Limited Ingredient,Turkey,34,59,7,276,
Royal Canin,Selected Protein - Rabbit,34,51,15,270,"""prescription"" diet"
SCIENCE DIET                Kitten,Homestyle Chicken,34,48,18,214,
SCIENCE DIET              Adult Light       ,Liver & Chicken,34,33,33,192,
TIKI CAT                           Fish/Seafood,Bora Bora Luau,34,66,0,377,
NATURAL BALANCE              Ultra Premium,Turkey & Giblets,34,57,9,282,
HOLISTIC SELECT,Turkey & Salmon,34,61,5,277,
NATURAL BALANCE      Limited Ingredient,Chicken & Green Pea,34,56,10,319,
HOUNDS & GATOS,Gamebird,34,65,1,334,
NUTRISH,Chicken & Salmon Catterole,34,52,14,207,
NATURAL BALANCE      Indoor Platefulls,Chicken & Liver,34,46,20,286,
IAMS                                      Purrfect Delights,Dive In Ocean Fish,34,47,19,438,
GO,"Grain Free Chicken, Turkey & Duck Pate",34,61,5,340,
HALO                              Spot’s Stew - Grain Free,Lamb,34,53,12,245,
NATURAL BALANCE              Ultra Premium,Salmon,34,56,10,341,
FRISKIES                             Tasty Treasures w/ Cheese,Beef & Liver with Cheese Pate,34,57,9,330,
WELLNESS                   HEALTHY INDULGENCE,Morsels Salmon & Tuna,34,49,16,138,
VeRUS                            USA Formulas    ,Chicken & Liver,34,66,0,230,
NUTRISH,Chicken & Shrimp Pawttenesca,34,51,14,208,
LOTUS                               Pates,Salmon & Vegetable,34,43,22,252,
NATURAL BALANCE            Ultra Whole Body Health,Calamari,34,54,11,355,
SHEBA                        Perfect Portions - Cuts in Gravy      ,Tender Turkey,34,55,11,215,
AVODERM,Ocean Fish Formula,34,58,8,274,
WELLNESS                Complete Health,Chicken & Herring,34,60,6,303,
KOHA                                    Stews,Turkey Stew,34,53,13,259,
FRESHPET                           Wet options (>75% moisture),Select Chicken & Beef Roll,34,56,10,295,
FRESHPET                           Wet options (>75% moisture),Vital Grain Free Chicken & Beef Roll,34,56,10,295,
HOLISTIC SELECT,Turkey,34,64,2,243,
BEYOND - PATE                             Grain Free,Chicken & Sweet Potato  ,35,63,3,369,
NATURAL BALANCE      Indoor Platefulls,Turkey & Duck,35,47,18,295,
IAMS                                      Proactive Health,Premium Pate Lamb & Rice,35,53,12,238,
FROMM                             Pates,Salmon & Tuna,35,63,3,293,
AVODERM,Salmon Formula,35,56,10,244,
VeRUS                            USA Formulas    ,Chicken Pate,35,65,0,357,
FRISKIES                         Classic Pates,Poultry Platter,35,61,4,307,
BLUE                           Freedom,Indoor Chicken,35,58,7,398,
BLUE                           Freedom,Indoor Fish,35,58,7,398,
EVOLVE,Chicken,35,63,2,318,
NATURAL BALANCE      Indoor Platefulls,"Duck, Chicken & Pumpkin",35,49,16,297,
CANIDAE                              Life Stages,Lamb,35,59,7,233,
NATURAL BALANCE      Limited Ingredient,Venison & Green Pea,35,53,12,387,
FRISKIES                         Classic Pates,Liver & Chicken,35,60,5,331,
FRISKIES                             Tasty Treasures w/ Cheese,Turkey & Chicken Dinner with Cheese Pate,35,58,8,341,
BEYOND - GRAVY                            WIth Grains,Salmon & Brown Rice Pate,35,63,2,362,
CANIDAE                              Life Stages,Salmon,35,59,6,254,
GO,"Grain Free Chicken, Turkey & Trout Stew",35,47,18,348,
GO,Chicken Stew,35,47,18,371,
ZIWIPEAK,Venison,35,62,3,252,
ZIWIPEAK,Rabbit & Lamb,35,62,3,271,
NATURAL BALANCE      Indoor Platefulls,"Turkey, Salmon & Chicken",35,48,17,344,
NULO                           Freestyle/Medal Pate,Turkey & Chicken,35,64,1,360,
HOLISTIC SELECT,Ocean Fish & Tuna,35,61,4,262,
HILL’S,c/d Multicare Urinary Tract Health Chicken & Vegetable Stew,35,38,28,171,"""prescription"" diet"
HILL’S,"c/d Multicare Urinary Tract Health, Tuna & Rice Stew",35,38,28,171,"""prescription"" diet"
HILL’S                               Healthy Advantage,Mature Adult Chicken,35,39,26,146,sold only by veterinarians
NATURE’S VARIETY        Pride,Flaked Lamb,35,54,11,206,
SCIENCE DIET                  Adult Homestyle Suppers,Chicken,35,42,23,156,
Duck / Kangaroo,Venison,35,53,12,486,
PURE-VITA,Chicken Stew,35,52,13,235,
FRISKIES                         Classic Pates,Mixed Grill,35,60,5,320,
EVOLVE,Kitten,35,60,4,292,
NULO                           Freestyle/Medal Pate,Chicken & Herring,35,61,3,320,
PURINA                                    Pro Plan Veterinary Diets,EN Naturals,35,51,14,301,"""prescription"" diet"
BEYOND - PATE                             Grain Free,Duck & Sweet Potato   ,35,63,2,375,
PRO PLAN                          Focus,Urinary Tract Health Formula - Turkey & Giblets,35,61,4,187,
WELLNESS                     CUBED/SLICED/MINCED,Turkey Entree - Sliced,35,52,13,375,
9Lives                                 Meaty Pate,Beef,35,59,6,329,
9Lives                                 Meaty Pate,Liver & Chicken,35,59,6,296,
NATURE’S RECIPE             Culinary Favorites - Pate,Chicken Recipe in Gravy ,35,53,11,185,
9Lives                                 Meaty Pate,Chicken & Seafood,35,60,4,355,
WELLNESS                     CUBED/SLICED/MINCED,Turkey and Salmon Dinner - Sliced,35,52,12,376,
PRO PLAN                           Savor,Chicken & Spinach,35,64,1,363,
GO,Turkey Pate,35,57,8,274,
MEOW MIX                            Savory Morsels in Gravy,Tuna & Salmon,35,40,24,286,
CANIDAE                              Life Stages,Ocean Fish,35,53,12,279,
WELLNESS                     CUBED/SLICED/MINCED,Turkey Entree/Dinner - Cubed,35,53,12,334,
NULO                           Freestyle/Medal Pate,Trout & Salmon,35,64,1,280,
FRISKIES                             Tasty Treasures w/ Cheese,Chicken & Ocean Fish Dinner with Cheese Pate,35,57,7,360,
PRO PLAN                          True Nature,Turkey & Wild Rice,35,59,5,442,
9Lives                                 Meaty Pate,Chicken,36,62,3,383,
BEYOND - PATE                             Grain Free,Wild Salmon  ,36,63,2,369,
PURINA                                    Pro Plan Veterinary Diets,DH (DRY),36,32,33,354,"""prescription"" diet"
WELLNESS                     CUBED/SLICED/MINCED,Turkey Entree - Minced,36,51,13,372,
DRS. FOSTER & SMITH  Adult,Chicken & Fish,36,45,19,254,
VeRUS                            New Zealand Formulas w/ Green Lipped Mussel   ,Chicken/Salmon,36,64,1,333,
VeRUS                            New Zealand Formulas w/ Green Lipped Mussel   ,Chicken/Pumpkin,36,62,3,837,
WELLNESS                     CUBED/SLICED/MINCED,Turkey and Salmon Entrée - Cubed,36,53,12,347,
NATURE’S RECIPE             Culinary Favorites - Slow Roasted,White Meat Chicken & Garden Vegetables ,36,52,12,253,
MERRICK                         Purrfect Bistro,Salmon,36,62,2,423,
BEYOND - GRAVY                            WIth Grains,Chicken & Brown Rice Pate,36,61,3,388,
WELLNESS                     CUBED/SLICED/MINCED,Turkey and Salmon Entrée - Minced,36,52,13,372,
DRS. FOSTER & SMITH Country Classics,Chicken Stew w/Sweet Potatoes,36,45,19,330,
EARTHBORN,Ranch House Stew,36,46,18,331,
VeRUS                            USA Formulas    ,Salmon Pate,36,64,0,385,
IAMS                                      Proactive Health,Filets with Salmon in Sauce ,36,55,9,326,
WELLNESS                     CUBED/SLICED/MINCED,Salmon Entrée - Minced,36,55,9,423,
ZIWIPEAK,Venison & Fish,36,59,5,260,
PRO PLAN                          Focus,Urinary Tract Health Formula - Ocean Whitefish,36,61,3,324,
4HEALTH,Grain-Free Salmon in Gravy,36,57,7,278,
HILL’S                               Healthy Advantage,Kitten Chicken,36,45,19,207,sold only by veterinarians
NATURE’S VARIETY         Instinct - original,Chicken,36,57,7,292,
NATURE’S VARIETY INSTINCT                         Limited Ingredient,Ultimate Protein Chicken,36,57,7,299,
Royal Canin,Recovery - Feline & Canine,36,58,3,250,"""prescription"" diet"
SCIENCE DIET                Kitten,Tender Chicken,36,49,15,191,
WERUVA                         Truluxe,Glam ’N Punk,36,63,1,180,
HALO                              Spot’s Stew - Grain Free,"Chicken, Shrimp & Crab",36,52,12,234,
WELLNESS              SIGNATURE SELECTS,Chunky Beef & White Meat Chicken Entrée in Sauce,36,31,33,256,
FRESHPET                           Wet options (>75% moisture),Select Grain Free Chicken & Beef w/Vegetables Cup,36,58,6,286,
FRESHPET                           Wet options (>75% moisture),Vital Grain Free Chicken & Beef w/Vegetables in Gravy Cup,36,58,6,286,
IAMS                                      Proactive Health,Filets with Chicken in Gravy ,36,54,9,325,
CHICKEN SOUP FOR the SOUL,Kitten,36,58,6,298,
PRO PLAN                          True Nature,Beef & Brown Rice,36,58,6,460,
CHICKEN SOUP FOR the SOUL,Salmon Soufflé with Red Potatoes & Spinach,36,62,2,419,
CHICKEN SOUP FOR the SOUL,Beef Stew with Red Potatoes & Carrots,36,59,5,470,
HOUNDS & GATOS,Trout,36,63,1,392,
CANIDAE                              Life Stages,Turkey,36,53,11,285,
GO,Grain Free Duck Pate,36,57,7,324,
WELLNESS                         CORE,Kitten,36,58,6,275,
HALO                               Spot’s Pate - Grain Free,Turkey & Duck,36,59,5,201,
FRISKIES                         Classic Pates,Supreme Supper,36,59,5,371,
PRO PLAN                          True Nature,Chicken & Liver Entree,36,62,1,360,
KOHA                                    Stews,Duck Stew,36,51,12,647,
FRESHPET                           Semi-Moist (~61% moisture),"Nature’s Fresh Chicken, Ocean Whitefish w/Carrots & Spinach",36,55,8,286,
PRECISE                          Holistic Complete                         Grain Free,Flaked Chicken,36,50,14,335,
CANIDAE                             PURE - Grain Free,Turkey & Rabbit Slices,36,57,7,283,
PRO PLAN                          True Nature,Kitten Chicken & Brown Rice,37,58,5,380,
PRO PLAN                           Savor,Salmon & Wild Rice Classic,37,61,3,325,
WELLNESS                Complete Health,Turkey & Salmon,37,58,5,300,
FRISKIES                         Classic Pates,Country Style,37,58,5,355,
BLUE                          Wilderness Wild Delights,Kitten Flaked Chicken & Trout,37,53,10,410,
HOUNDS & GATOS,Rabbit,37,58,5,408,
PRO PLAN                          True Nature,Chicken & Brown Rice,37,58,6,432,
SOULISTIC                    Moist and Tender - cans ,Salmon,37,57,6,214,
CANIDAE                              Under the Sun - Grain Free,Salmon,37,63,1,243,
LOTUS                                 Just Juicy,Pollock,37,47,17,360,
PRO PLAN                          True Nature,Turkey & Chicken Entree,37,62,1,357,
MERRICK                         Purrfect Bistro,Tuna,37,60,3,418,
NATURE’S RECIPE             Culinary Favorites - Stew,White Meat Chicken & Garden Vegetables in Gravy,37,49,15,362,
HOLISTIC SELECT,"Chicken, Whitefish, Herring",37,60,3,282,
FRISKIES                         Classic Pates,Turkey & Giblets,37,59,5,335,
NATURAL BALANCE      Platefulls,"Salmon, Tuna & Crab",37,46,17,306,
IAMS                                      Proactive Health,Premium Pate Tender Beef,37,56,7,245,
FIRST MATE,Tuna,37,54,10,277,
FRESHPET                           Semi-Moist (~61% moisture),Roasted Chicken & Beef/Vegetables/Whitefish,37,59,4,281,
FRESHPET                           Semi-Moist (~61% moisture),Vital Grain Free Chicken & Beef w/Carrots & Spinach,37,59,4,281,
IAMS                                      Proactive Health,Filets with Tuna in Sauce ,37,53,10,322,
HALO                             Impulse - Grain Free,Quail,37,56,7,393,
CHICKEN SOUP FOR the SOUL,Chicken & Duck,37,62,1,387,
IAMS                                      Proactive Health,Pate with Chicken & Liver,37,56,7,246,
IAMS                                      Proactive Health,Premium Pate Gourmet Chicken,37,56,7,246,
NATURAL BALANCE      Platefulls,Tuna & Beef,37,48,15,287,
FRISKIES                                 Cat Concoctions,Scrumptious Salmon & Chicken Liver Dinner Pate,37,59,4,343,
NATURAL BALANCE      Limited Ingredient,Salmon & Green Pea,37,51,12,323,
NATURAL BALANCE      Indoor Platefulls,"Salmon, Tuna, Chicken & Shrimp",37,44,19,302,
LOTUS                               Pates,Chicken & Vegetable,37,42,21,195,
4HEALTH,Grain-Free Shredded Chicken Cuts,37,55,8,323,
4HEALTH,Sensitive Stomach,37,53,10,433,
BLUE                           Wilderness Rocky Mountain Recipe,Flaked Red Meat,37,51,12,434,
BLUE                           Wilderness Rocky Mountain Recipe,Flaked Trout,37,51,12,434,
BLUE                          Wilderness Wild Delights,Chicken & Turkey in Gravy,37,54,10,418,
BLUE                          Wilderness Wild Delights,Chicken & Trout in Gravy,37,54,10,418,
BLUE                          Wilderness Wild Delights,Chicken & Salmon in Gravy,37,54,10,418,
BLUE                          Wilderness Wild Delights,Flaked Chicken & Turkey,37,54,10,418,
BLUE                          Wilderness Wild Delights,Flaked Chicken & Trout,37,54,10,418,
BLUE                          Wilderness Wild Delights,Minced Chicken & Turkey,37,54,10,418,
BLUE                          Wilderness Wild Delights,Minced Chicken & Trout,37,54,10,418,
HILL’S,c/d Multicare Urinary Tract Health with Chicken,37,40,23,181,"""prescription"" diet"
HILL’S,c/d Multicare Urinary Tract Health with Ocean Fish,37,40,23,181,"""prescription"" diet"
HILL’S,Metabolic + Urinary Vegetable & Tuna Stew,37,34,29,189,"""prescription"" diet"
HILL’S,Metabolic + Urinary Vegetable & Chicken Stew,37,35,28,190,"""prescription"" diet"
HILL’S,w/d,37,38,25,197,"""prescription"" diet"
HILL’S,Metabolic Vegetable & Chicken Stew,37,32,31,203,"""prescription"" diet"
HILL’s                                    Ideal Balance,Slim & Healthy Chicken & Tuna,37,33,30,214,
NATURE’S VARIETY         Instinct - original,Duck,37,55,9,299,
NATURE’S VARIETY        Pride,Minced Salmon,37,45,17,295,
Royal Canin,GI Moderate Calorie Morsels in Gravy,37,34,29,280,"""prescription"" diet"
FRESHPET                           Wet options (>75% moisture),Select Grain Free Ocean White Fish w/Vegetables Cup,37,55,8,292,
FRESHPET                           Wet options (>75% moisture),Vital Grain Free Chicken & Ocean Whitefish w/Vegetables in Gravy Cup,37,55,8,292,
WELLNESS                         CORE,"Salmon, Whitefish, & Herring",37,50,13,269,
FRISKIES                         Classic Pates,Salmon,37,60,3,343,
9Lives                                 Meaty Pate,Salmon,37,58,5,347,
FRESHPET                           Wet options (>75% moisture),Select Grain Free Chicken & Pumpkin w/Vegetables Cup,37,54,9,305,
FRESHPET                           Wet options (>75% moisture),Vital Grain Free Chicken & Pumpkin w/Vegetables in Gravy Cup,37,54,9,305,
PRO PLAN                          True Nature,Beef & Giblets Entree,37,63,0,335,
NUTRISH,Tuna Purrfection,37,45,18,221,
BLUE                           Freedom,Indoor Chicken Flaked in Gravy,37,51,12,445,
BLUE                           Freedom,Indoor Flaked Fish in Gravy,37,51,12,445,
WYSONG ,Uretic,37,53,10,179,
CANIDAE                              Under the Sun - Grain Free,Seafood,37,58,5,369,
IAMS                                      Purrfect Delights,Sea You Soon Tuna,37,48,15,360,
HI-TOR,Felo,37,59,4,237,
PRO PLAN                          True Nature,Cod & Shrimp,37,59,4,430,
9Lives                                 Meaty Pate,Tuna & Shrimp,37,58,5,353,
MEOW MIX                            Savory Morsels in Gravy,Ocean Whitefish & Tuna,37,40,22,304,
9Lives                                 Hearty Cuts in Gravy,Chicken & Fish,37,39,24,420,
KASIKS,Turkey,37,45,17,235,
NULO                           Freestyle/Medal Pate,Duck & Tuna,37,58,5,330,
SOULISTIC                    Moist and Tender - cans ,Chicken,37,55,8,173,
IAMS                                      Proactive Health,Premium Pate Turkey & Giblets,37,55,7,250,
IAMS                                      Purrfect Delicacies,Select Cuts with Roasted Chicken & Beef ,37,47,16,190,
WELLNESS                     CUBED/SLICED/MINCED,Salmon Dinner - Cubed,38,53,10,424,
WELLNESS                         CORE,Turkey & Duck,38,57,5,265,
FIRST MATE,Chicken & Tuna,38,46,17,212,
FIRST MATE,Turkey & Tuna,38,46,17,212,
BEYOND - PATE                             Grain Free,Trout & Catfish ,38,61,1,372,
WELLNESS                         CORE,"Beef, Venison, & Lamb",38,49,13,266,
WELLNESS                     CUBED/SLICED/MINCED,Salmon Entree - Sliced,38,52,10,427,
PURINA                                    Pro Plan Veterinary Diets,UR,38,51,12,191,"""prescription"" diet"
EARTHBORN,Chicken Jumble with Liver,38,39,23,236,
WELLNESS              SIGNATURE SELECTS,Shredded White Meat Chicken & Turkey Entrée in Sauce,38,34,28,235,
NATURAL BALANCE      Platefulls,"Cod, Chicken, Sole & Shrimp",38,42,20,369,
AVODERM,Chicken & Duck Entree in Gravy,38,50,12,235,
NATURE’S RECIPE             Culinary Favorites - Stew,Seafood & Garden Vegetables in Gravy,38,43,19,322,
FRESHPET                           Semi-Moist (~61% moisture),Roasted Chicken/Chicken Liver/Whitefish/Vegetables,38,55,8,284,
FRESHPET                           Semi-Moist (~61% moisture),"Vital Chicken & Ocean Whitefish w/carrots, eggs & spinach",38,55,8,284,
IAMS                                      Proactive Health,Pate with Savory Salmon,38,55,7,270,
IAMS                                      Proactive Health,Pate with Seafood Sampler,38,55,7,279,
NULO                           Freestyle/Medal Pate,Salmon & Mackerel,38,57,5,230,
PRO PLAN                          Focus,Urinary Tract Health Formula - With Salmon,38,58,4,230,
IAMS                                      Grain Free,Wild Oceanfish & Tuna Dinner Flaked in Sauce,38,50,12,203,
NATURE’S VARIETY        Pride,Minced Rabbit,38,47,15,218,
NATURE’S VARIETY        Pride,Minced Duck,38,46,17,218,
NATURE’S VARIETY        Pride,Minced Chicken,38,47,15,273,
SCIENCE DIET                  Adult Homestyle Suppers,Tuna,38,41,21,176,
WHOLE EARTH FARMS  Grain Free,Turkey Pate,38,57,5,246,
FANCY FEAST               Classic,Tender Beef & Liver Feast,38,60,2,380,
IAMS                                      Proactive Health,Premium Pate Select Ocean Fish,38,55,7,272,
FANCY FEAST               Classic,Tender Beef & Chicken Feast,38,59,3,415,
FRISKIES                             Tasty Treasures w/ Cheese,Ocean Fish Dinner with Cheese Pate,38,54,8,362,
FRISKIES                         Classic Pates,Mariner’s Catch,38,56,6,361,
SHEBA                        Perfect Portions - Cuts in Gravy      ,Tender Trout,38,46,16,311,
IAMS                                      Purrfect Delights,Turkey-lation,38,48,14,169,
HOUNDS & GATOS,Lamb,38,61,1,246,
CANIDAE                             PURE - Grain Free,Salmon & Mackerel,38,62,0,247,
TIKI CAT                     Gourmet Carnivore      ,Beef Liver and Chicken,38,62,0,231,
CANIDAE                              Life Stages,Yellowfin Tuna,38,52,10,223,
PRO PLAN                           Savor,Beef Entree w/Carrots in Gravy,38,60,2,412,
MERRICK                  Backcountry,Duck,38,49,12,211,
WELLNESS              SIGNATURE SELECTS,Shredded White Meat Chicken with Chicken Liver Entrée in Sauce,38,33,28,229,
9Lives                                 Meaty Pate,Mixed Grill,38,56,5,290,
FRISKIES                         Classic Pates,Classic Seafood ,38,57,5,329,
CANIDAE                             PURE - Grain Free,Duck & Duck Liver Slices,38,51,11,337,
FANCY FEAST                 Medleys Florentine,White Meat Chicken Florentine Pate,39,57,4,398,
HOUNDS & GATOS,Pork,39,61,0,228,
IAMS                                      Grain Free,White Meat Chicken Breast & Tuna,39,51,10,179,
PRO PLAN                          Focus,Adult 11+ Chicken & Beef,39,59,2,338,
KOHA                                    Stews,Kangaroo Stew,39,40,22,408,
MEOW MIX                            Savory Morsels in Gravy,Tuna & Crab,39,37,24,387,
IAMS                                      Grain Free,Wild Mackerel & Whitefish Dinner Flaked in Sauce,39,48,13,218,
MERRICK                  Backcountry,Turkey,39,50,11,212,
KASIKS,Chicken,39,40,21,244,
4HEALTH,Weight Management,39,47,14,456,
HILL’S,Metabolic,39,31,30,193,"""prescription"" diet"
HILL’S,Metabolic Vegetable & Tuna Stew,39,30,31,207,"""prescription"" diet"
I and Love and You,Savory Salmon,39,60,1,367,
NATURE’S VARIETY        Pride,Flaked Duck,39,48,13,233,
SCIENCE DIET                Adult Perfect Weight     ,Chicken & Vegetable,39,29,32,185,
WHOLE EARTH FARMS  Grain Free,Chicken Pate,39,51,10,182,
VeRUS                            New Zealand Formulas w/ Green Lipped Mussel   ,Chicken,39,61,0,474,
LOTUS                                 Just Juicy,Salmon & Pollock,39,48,13,287,
KOHA                                      Limited Ingredient Pate,Kangaroo,39,52,9,406,
VeRUS                            USA Formulas    ,Ocean Fish,39,61,0,302,
PRO PLAN                          Focus,Adult 11+ Salmon & Tuna Classic,39,59,1,316,
FANCY FEAST               Classic,Turkey and Giblets Feast,39,58,2,355,
TIKI CAT                     Gourmet Carnivore      ,Chicken with Duck,39,61,0,170,
FANCY FEAST                 Kitten,Kitten Tender Turkey Feast,39,57,3,395,
CANIDAE                              Under the Sun - Witty Kitty,Wingin’ it Chicken & Turkey,39,51,10,315,
PURINA                                    Pro Plan Veterinary Diets,EN,39,44,17,278,"""prescription"" diet"
IAMS                                      Purrfect Delicacies,Roasted Beef & Salmon in Gravy,39,43,17,389,
WELLNESS              SIGNATURE SELECTS,Shredded White Meat Chicken & Beef Entrée in Sauce,40,33,28,246,
IAMS                                      Grain Free,White Meat Chicken Breast & Beef,40,53,8,179,
CHICKEN SOUP FOR the SOUL,Chicken Stew with Sweet Potatoes & Spinach,40,54,6,294,
MERRICK                  Backcountry,Chicken,40,49,12,259,
IAMS                                      Purrfect Delicacies,Select cuts with Roasted Chicken & Tuna,40,47,14,200,
PRO PLAN                           Savor,Beef & Carrots Entree Classic,40,58,2,433,
9Lives                                 Hearty Cuts in Gravy,Beef & Chicken,40,33,27,416,
TRIUMPH,Ocean Fish,40,56,4,373,
PRECISE                          Holistic Complete                         Grain Free,Flaked Beef,40,43,17,304,
9Lives                                 Hearty Cuts in Gravy,Beef,40,35,25,388,
9Lives                                 Hearty Cuts in Gravy,Chicken,40,34,26,389,
GO,Salmon Pate,40,50,10,350,
BLUE                             Healthy Gourmet,Grilled Chicken,40,49,11,455,
I and Love and You,Whascally Wabbit,40,57,3,395,
NATURE’S VARIETY        Instinct Raw,Rabbit,40,58,3,317,
NATURE’S VARIETY        Instinct Raw,Chicken,40,58,3,388,
NATURE’S VARIETY        Pride,Flaked Salmon,40,48,12,306,
Royal Canin,SO Moderate Calorie,40,36,24,180,"""prescription"" diet"
Royal Canin,MF Urinary + Calm,40,36,24,224,"""prescription"" diet"
Royal Canin,Babycat Instinctive,40,51,8,296,
WHOLE EARTH FARMS  Grain Free,Beef Pate,40,48,12,265,
FRISKIES                         Classic Pates,Ocean Whitefish & Tuna,40,56,4,373,
FANCY FEAST               Classic,Chicken Feast,40,57,3,430,
SOULISTIC                    Moist and Tender - cans ,Turkey,40,54,6,178,
FRISKIES                         Classic Pates,Sea Captain’s Choice,40,54,6,414,
IAMS                                      Grain Free,Wild Tuna & Salmon Dinner Flaked in Sauce,40,49,11,230,
MERRICK                  Backcountry,Beef,40,48,11,238,
9Lives                                 Tender Morsels in Sauce,"Ocean Whitefish, Tuna & Cheese Bits",40,33,27,285,
MEOW MIX                            Tender Favorites in Sauce,Salmon,40,41,19,342,
NUTRISH,Shredded White Meat Chicken Purrcata,40,49,11,224,
9Lives                                 Tender Morsels in Sauce,Turkey & Giblets,41,40,20,404,
SHEBA                        Perfect Portions - Cuts in Gravy      ,Tuna & Shrimp,41,44,15,358,
PRECISE                          Holistic Complete                         Grain Free,"Wild at Heart River Line – Salmon, Tuna & Trout",41,46,14,337,
FANCY FEAST               Classic,Chopped Grill Feast,41,56,3,498,
FANCY FEAST                 Medleys Primavera,White Meat Chicken Primavera Pate,41,56,4,301,
IAMS                                      Proactive Health,Premium Pate Kitten,41,53,6,299,
9Lives                                 Tender Morsels in Sauce,Beef,41,35,25,420,
9Lives                                 Meaty Pate,Turkey & Giblets,41,55,4,395,
CHICKEN SOUP FOR the SOUL,Weight & Mature Care,41,51,8,245,
IAMS                                      Purrfect Delicacies,Premier Flaked Mackerel & Whitefish,41,45,14,261,
SHEBA                        Perfect Portions - Cuts in Gravy      ,Roasted Chicken,41,46,13,352,
SHEBA                        Perfect Portions - Cuts in Gravy      ,Mixed Grill,41,46,13,352,
PRO PLAN                          Focus,Kitten Chicken & Liver Classic,41,57,2,456,
NATURAL BALANCE              Ultra Premium,Tuna w/Shrimp,41,45,14,288,
PRO PLAN                           Savor,Turkey & Vegetable,41,57,3,417,
AVODERM,Salmon & Chicken Entree in Gravy,41,47,12,247,
IAMS                                      Purrfect Delicacies,Select Cuts with Roasted Chicken,41,46,14,339,
HILL’S,r/d,41,24,35,205,"""prescription"" diet"
NATURE’S VARIETY        Instinct Raw,Chicken & Tuna,41,56,3,362,
NATURE’S VARIETY        Pride,Flaked Rabbit,41,49,10,213,
NATURE’S VARIETY        Pride,Flaked Chicken,41,49,10,265,
NATURE’S VARIETY INSTINCT                         Limited Ingredient,Rabbit,41,45,13,293,
Royal Canin,Aging 12+ - Loaf in Sauce,41,39,20,139,
Royal Canin,Digest Sensitive - Loaf in Sauce,41,35,25,259,
WERUVA                                Cats in the Kitchen cans,Fowl Ball,41,55,4,180,
MERRICK                         Purrfect Bistro,Surf & Turf,41,54,5,701,
9Lives                                 Hearty Cuts in Gravy,"Turkey, Chicken & Cheese",41,39,20,404,
9Lives                                 Tender Morsels in Sauce,Turkey & Chicken,41,39,20,404,
9Lives                                 Meaty Pate,Ocean Whitefish & Tuna,41,54,5,415,
FIRST MATE,Salmon & Tuna,41,45,13,212,
CHICKEN SOUP FOR the SOUL,Salmon Stew with Red Potatoes & Spinach,41,50,9,339,
VeRUS                            New Zealand Formulas w/ Green Lipped Mussel   ,Chicken/Ocean Fish/Tripe,41,58,0,672,
NATURE’S LOGIC,Rabbit,42,55,4,317,
FANCY FEAST               Classic,Tender Beef Feast,42,55,3,408,
SHEBA                        Perfect Portions - Pates     ,All varieties - approximate values,42,56,3,236,
IAMS                                      Purrfect Delicacies,Signature Flaked Tuna & Salmon,42,46,13,288,
MEOW MIX                            Savory Morsels in Gravy,Salmon & Ocean Fish,42,38,20,371,
9Lives                                 Tender Morsels in Sauce,Chicken,42,36,23,459,
CHICKEN SOUP FOR the SOUL,Minced Beef with Red Potatoes & Carrots,42,52,6,285,
MERRICK                  Backcountry,Whitefish,42,44,14,255,
I and Love and You,Chicky-Da-lish Stew,42,45,13,411,
I and Love and You,Oh My Cod!,42,56,2,433,
NATURE’S VARIETY         Instinct - original,Beef,42,51,6,257,
NATURE’S VARIETY         Instinct - original,Venison,42,55,3,388,
Royal Canin,Aging 12+ - Thin Slices in Gravy,42,39,20,159,
PRECISE                          Holistic Complete                         Grain Free,Flaked Pork,42,43,15,260,
FANCY FEAST                 Medleys Primavera,Wild Salmon Primavera Pate,42,54,4,419,
NATURAL BALANCE              Ultra Premium,Ocean Fish,42,50,8,306,
BEYOND - PATE                             Grain Free,Quail & Carrot,42,55,3,413,
FANCY FEAST               Roasted/Flaked/Chunky,Chunky Chopped Grill Feast,42,53,4,466,
TIKI CAT                     Gourmet Carnivore      ,Chicken with Turkey,42,58,0,170,
MERRICK                         Purrfect Bistro,Chicken Casserole,42,46,11,427,
9Lives                                 Tender Morsels in Sauce,Salmon,42,36,21,293,
MERRICK                         Purrfect Bistro,Chicken Divan,42,45,13,393,
9Lives                                 Hearty Cuts in Gravy,Ocean Whitefish & Tuna,42,33,25,306,
9Lives                                 Tender Morsels in Sauce,Ocean Whitefish & Tuna ,42,33,25,306,
FIRST MATE,Turkey,43,38,20,243,
FANCY FEAST               Classic,Tender Liver & Chicken Feast,43,55,2,478,
HALO                             Impulse - Grain Free,Rabbit,43,50,7,210,
MERRICK                  Backcountry,Rabbit,43,45,12,255,
PURINA                                    Pro Plan Veterinary Diets,DM,43,52,6,297,"""prescription"" diet"
MEOW MIX                            Tender Favorites in Sauce,Turkey & Cheese,43,30,27,289,
FIRST MATE,Chicken,43,38,19,342,
FRISKIES                             Indoor,Homestyle Turkey Dinner w/Garden Greens in Gravy,43,32,25,187,
PRO PLAN                           Savor,Chunky Chicken ,43,53,4,427,
BEYOND - GRAVY                            WIth Grains,"Chicken, Wild Rice & Spinach in Gravy",43,42,15,328,
IAMS                                      Grain Free,White Meat Chicken Breast,43,49,8,173,
I and Love and You,Salmon Chanted Evening,43,42,15,398,
Royal Canin,Digst Sensitive - Thin Slices in Gravy,43,35,21,247,
Royal Canin,Developement Kitten,43,46,11,250,"""prescription"" diet"
FANCY FEAST               Classic,Salmon & Shrimp Feast,43,56,1,456,
FRISKIES                             Indoor,Chunky Chicken & Turkey Casserol w/Garden Greens in Gravy,43,32,25,249,
9Lives                                 Meaty Pate,Ocean Whitefish,43,54,3,400,
IAMS                                      Purrfect Delicacies,Featured Flaked Oceanfish & Tuna,43,38,19,251,
9Lives                                 Hearty Cuts in Gravy,Turkey & Cheese,43,38,19,308,
MERRICK                         Purrfect Bistro,Beef,43,52,5,389,
9Lives                                 Hearty Cuts in Gravy,Veal,44,34,22,401,
NATURAL BALANCE      Indoor Platefulls,Marckerel & Sardine,44,47,9,352,
IAMS                                      Purrfect Delights,Tempt Me Tuna & Mackerel,44,42,14,189,
FANCY FEAST                 Kitten,Kitten Tender Ocean Whitefish Feast,44,53,3,520,
BLUE                             Healthy Gourmet,Flaked Chicken ,44,43,13,451,
BLUE                             Healthy Gourmet,Flaked Fish & Shrimp ,44,43,13,451,
BLUE                             Healthy Gourmet,Flaked Tuna,44,43,13,451,
NATURE’S VARIETY        Pride,Minced Tuna,44,40,17,236,
FRISKIES                             Indoor,Saucy Seafood Bake w/Garden Greens in Sauce,44,31,25,262,
SOULISTIC                    Pate and Shreds ,Lamb,44,50,5,234,
WELLNESS                         CORE,Indoor,44,44,12,347,
9Lives                                 Hearty Cuts in Gravy,Chicken & Salmon,44,34,22,299,
HALO                               Spot’s Pate - Grain Free,Whitefish,45,53,2,257,
WELLNESS              SIGNATURE SELECTS,Flaked Skipjack Tuna with Wild Salmon Entrée in Broth,45,43,13,205,
EARTHBORN,Chicken Fricatssee,45,30,25,232,
SOULISTIC                    Moist and Tender - cans ,Duck,45,47,8,464,
SOULISTIC                    Moist and Tender - cans ,Lamb,45,49,6,285,
MERRICK                         Purrfect Bistro,Cowboy Cookout,45,37,18,327,
BEYOND - GRAVY                             Grain Free,"Turkey, Sweet Potato & Spinach   ",45,50,5,376,
NATURE’S VARIETY         Instinct - original,Rabbit,45,49,6,313,
NATURE’S VARIETY         Instinct - original,Salmon,45,46,9,359,
Royal Canin,Mature Consult,45,27,28,170,"""prescription"" diet"
Royal Canin,Adult,45,36,19,230,"""prescription"" diet"
WERUVA                                Cats in the Kitchen cans,Lamb Burgini,45,47,8,236,
WERUVA                         Truluxe,Steak Frites,45,49,6,118,
NULO                            Freestyle/Medal Minced/Shredded,Shredded Turkey & Halibut in Gravy,45,47,8,250,
IAMS                                      Purrfect Delights,Packed with Sardines,45,41,14,179,
CANIDAE                              Under the Sun - Witty Kitty,Ruffle my Feathers Turkey & Turkey Liver,45,46,8,314,
VeRUS                            New Zealand Formulas w/ Green Lipped Mussel   ,Beef/Pumpkin,45,53,1,796,
9Lives                                 Hearty Cuts in Gravy,Turkey,45,43,12,458,
AVODERM                    pouches,Chicken & Duck in Gravy,45,40,14,325,
NULO                            Freestyle/Medal Minced/Shredded,Minced Turkey & Duck in Gravy,46,46,9,280,
FROMM                             Pates,Beef,46,44,10,250,
BEYOND - GRAVY                             Grain Free,"Chicken, Beef & Carrot ",46,47,7,305,
MERRICK                         Purrfect Bistro,Turkey,46,50,4,556,
NULO                            Freestyle/Medal Minced/Shredded,Shredded Chicken & Duck in Gravy,46,45,9,330,
FANCY FEAST                 Medleys Florentine,Ocean Whitefish and Tuna Florentine Pate,46,49,5,462,
BLUE                             Healthy Gourmet,Meaty Morsels Chicken,46,42,13,426,
BLUE                             Healthy Gourmet,Meaty Morsels Tuna,46,42,13,426,
FRISKIES                             Indoor,Flaked Ocean Whitefish Dinner w/Garden Greens in Sauce,46,27,27,290,
HILL’S,m/d,46,41,13,170,"""prescription"" diet"
PRO PLAN                          Focus,Urinary Tract Health Formula - Chicken in Gravy,46,45,9,185,
CHICKEN SOUP FOR the SOUL,Salmon Limited Ingredient ,46,52,2,481,
NULO                            Freestyle/Medal Minced/Shredded,Minced Salmon & Turkey in Gravy,46,45,9,320,
PURINA                                    Pro Plan Veterinary Diets,OM,46,33,21,340,"""prescription"" diet"
WELLNESS              SIGNATURE SELECTS,Flaked Skipjack Tuna with Shrimp Entrée in Broth,46,40,14,217,
FANCY FEAST               Roasted/Flaked/Chunky,Chunky Turkey Feast,46,49,5,477,
MEOW MIX                            Tender Favorites in Sauce,Tuna & Egg,46,37,17,250,
FANCY FEAST               Classic,Seafood Feast,46,52,2,478,
FANCY FEAST                 Gravy Lovers,Gravy Lovers Gourmet Beef Feast in Gravy,47,33,20,250,
MEOW MIX                            Savory Morsels in Gravy,Seafood Entree,47,33,21,320,
SHEBA                        Perfect Portions - Cuts in Gravy      ,Salmon,47,40,13,361,
SHEBA                        Perfect Portions - Cuts in Gravy      ,Salmon & Chicken,47,40,13,361,
FANCY FEAST               Roasted/Flaked/Chunky,Chunky Chicken Feast,47,50,4,453,
MERRICK                         Purrfect Bistro,Tuna Nicoise,47,41,12,533,
FANCY FEAST                 Gravy Lovers,Gravy Lovers Chicken & Beef Feast in Gravy,47,38,15,254,
MERRICK                         Purrfect Bistro,Beef Wellington,47,45,9,303,
FANCY FEAST               Grilled in Gravy,Grilled Chicken & Beef in Gravy,47,38,15,291,
NATURE’S VARIETY        Pride,Flaked Tuna,47,43,10,227,
MEOW MIX                            Savory Morsels in Gravy,Chicken Breast,47,33,20,458,
FRISKIES                             Meaty Bits,Gourmet Grill in Gravy,47,39,13,262,
FUSSIE CAT                    Super Premium,Chicken with Sweet Potato ,47,18,35,173,
NATURE’S RECIPE             Culinary Favorites - Grilled,Salmon & Garden Vegetables ,47,45,7,319,
FRISKIES                 SauceSations,Chicken Dinner in Garden Sauce,47,40,13,259,
IAMS                                      Purrfect Delights,Tuna-Topia Dinner,48,34,19,194,
FANCY FEAST                 Gravy Lovers,Gravy Lovers Chicken Hearts & Liver Feast in Gravy,48,38,15,229,
FRISKIES                                 Cat Concoctions,With Chicken in Creamy Crabby Sauce,48,40,12,253,
AVODERM,Chicken Chunks Entree in Gravy,48,35,17,211,
FRISKIES                             Meaty Bits,Chicken Dinner in Gravy,48,40,13,261,
FANCY FEAST                 Gravy Lovers,Gravy Lovers Gourmet Chicken Feast in Gravy,48,38,15,251,
FRISKIES                             Tasty Treasures w/ Bacon,Chicken Dinner in Gravy,48,39,14,244,
MEOW MIX                            Tender Favorites in Sauce,Salmon & Red Snapper,48,33,19,404,
FRISKIES                 SauceSations,Chicken & Turkey Dinner in Cheesy Sauce,48,39,13,263,
FRISKIES                 SauceSations,With Beef in Garden Sauce,48,38,14,260,
FRISKIES                                 Cat Concoctions,With Lamb in Clam Flavored Sauce,48,40,12,250,
Royal Canin,Kitten Instinctive - Thin Slices in Gravy,48,42,10,285,
WERUVA                                Cats in the Kitchen cans,The Double Dip,48,45,8,248,
WERUVA                                Cats in the Kitchen pouches,Chick Magnet,48,36,16,157,
FRISKIES                             Tasty Treasures w/ Bacon,Chicken & Tuna Dinner in Gravy,48,39,13,229,
FRISKIES                          Savory Shreds,Turkey & Cheese Dinner in Gravy,48,38,14,286,
FRISKIES                                 Cat Concoctions,With Cod in Cheesy Bacon Flavored Sauce,48,39,13,250,
PRO PLAN                          Focus,Indoor Salmon & Rice,48,28,24,263,
FRISKIES                             Tasty Treasures w/ Bacon,Turkey Dinner in Gravy,48,38,14,258,
FANCY FEAST               Classic,Ocean Whitefish & Tuna Feast,48,51,0,481,
LOTUS                                 Just Juicy,Venison,48,41,11,263,
FANCY FEAST                    Sliced in Gravy,Sliced Beef in Gravy,48,38,14,265,
FANCY FEAST               Classic,"Cod, Sole & Shrimp Feast",48,50,1,474,
BEYOND - GRAVY                             Grain Free,Tuna Mackerel & Carrot  ,48,38,13,376,
FANCY FEAST               Roasted/Flaked/Chunky,Flaked Trout Feast,48,48,4,285,
FRISKIES                 SauceSations,With Beef in Creamy Sauce,49,38,13,263,
FANCY FEAST                    Sliced in Gravy,Sliced Chicken Hearts & Liver in Gravy,49,39,12,257,
FRISKIES                             Meaty Bits,With Beef in Gravy,49,37,14,260,
FRISKIES                           Flaked,With Tuna & Egg,49,45,6,263,
BEYOND - GRAVY                             Grain Free,Salmon & Sweet Potato ,49,42,9,344,
VeRUS                            USA Formulas    ,Tuna Pate,49,51,0,368,
NATURAL BALANCE      Delectable Delights,Land n’ Sea,49,41,10,342,
MEOW MIX                            Savory Morsels in Gravy,Beef,49,35,16,285,
NATURE’S RECIPE             Culinary Favorites - Grilled,White Meat Chicken & Garden Vegetables ,49,45,6,272,
FANCY FEAST               Roasted/Flaked/Chunky,Flaked Salmon & Ocean Whitefish Feast,49,47,4,317,
AVODERM,Salmon in Salmon Consomme,49,39,12,379,
PRO PLAN                           Savor,Beef & Cheese,49,35,16,238,
FRISKIES                          Savory Shreds,With Whitefish & Sardines in Sauce,49,33,18,389,
Royal Canin,Calorie Control - Morsels in Gravy,49,27,25,230,"""prescription"" diet"
Royal Canin,Weight Control,49,28,23,240,"""prescription"" diet"
PURINA                                    Pro Plan Veterinary Diets,DM Savory Selects in Sauce,49,40,10,256,"""prescription"" diet"
FRISKIES                             Tasty Treasures w/ Bacon,Ocean Fish in Sauce,49,37,14,238,
FANCY FEAST                 Medleys Tuscany,Wild Salmon Tuscany in a Savory Sauce,49,28,23,250,
MEOW MIX                            Classic Pate,Chicken & Liver,49,45,6,440,
NATURAL BALANCE      Delectable Delights,Sea Brulee,49,40,10,237,
FANCY FEAST                 Gravy Lovers,Gravy Lovers Turkey Feast in Gravy,49,36,15,258,
FRISKIES                          Savory Shreds,With Turkey & Giblets in Gravy,49,38,13,306,
SOULISTIC                    Pate and Shreds ,Chicken & Turkey,49,45,5,262,
BEYOND - GRAVY                            WIth Grains,"Tuna, Herring & Sweet Potato in Gravy",49,36,14,377,
SOULISTIC                  Original - cans  ,Harvest Sunrise,49,26,24,148,
FANCY FEAST                 Delights with Cheddar,Grilled Turkey & Cheddar Cheese in Gravy,50,35,15,265,
SOULISTIC                    Moist and Tender - cans ,Beef,50,42,8,487,
CANIDAE                              Under the Sun - Witty Kitty,Big Catch Tuna & Sardine,50,42,8,358,
NULO                            Freestyle/Medal Minced/Shredded,Minced Beef & Mackerel in Gravy,50,41,10,300,
PRO PLAN                           Savor,Chicken & Cheese,50,35,15,249,
FRISKIES                          Savory Shreds,With Salmon in Sauce,50,38,12,278,
FANCY FEAST                    Sliced in Gravy,Sliced Chicken in Gravy,50,38,12,270,
NULO                            Freestyle/Medal Minced/Shredded,Shredded Beef & Rainbow Trout in Gravy,50,41,9,290,
FRISKIES                             Tasty Treasures w/ Cheese,WIth Turkey & Cheese in Gravy,50,33,17,290,
Royal Canin,Instinctive 7+ - Loaf in Sauce,50,28,22,195,
Royal Canin,Intense Beauty - Thin Slices in Gravy,50,36,14,229,
Royal Canin,Kitten Instinctive - Loaf in Sauce,50,39,11,305,
WERUVA                                Cats in the Kitchen cans,Splash Dance,50,46,4,292,
FRISKIES                          Savory Shreds,With Beef in Gravy,50,36,14,320,
PRO PLAN                           Savor,Turkey & Cheese,50,35,15,252,
FRISKIES                         Prime Fillets,With Salmon & Beef in Sauce,50,35,15,275,
FRISKIES                         Prime Fillets,With Beef in Gravy,50,35,15,325,
FRISKIES                 SauceSations,Turkey & Giblets Dinner in Homestyle Sauce,50,37,13,268,
FRISKIES                             Tasty Treasures w/ Cheese,"With Chicken, Tuna & Cheese in Gravy",51,32,17,298,
FRISKIES                          Savory Shreds,With Chicken in Gravy,51,36,13,305,
FRISKIES                 SauceSations,With Salmon & Tuna in Creamy Sauce,51,36,13,254,
FANCY FEAST                 Medleys in Gravy or Broth,White Meat Chicken & Tuna Recipe Broth,51,29,20,305,
FRISKIES                             Tasty Treasures w/ Cheese,With Chicien & Cheese in Gravy,51,32,17,265,
SOULISTIC                    Pate and Shreds ,Chicken & Tuna,51,43,6,265,
FANCY FEAST                    Sliced in Gravy,Sliced Turkey in Gravy,51,37,13,275,
FANCY FEAST                 Medleys Tuscany,Tuna Tuscany in a Savory Sauce,51,27,22,261,
NATURAL BALANCE      Delectable Delights,O’ Fishally Scampi,51,40,9,223,
FANCY FEAST                 Medleys Tuscany,White Meat Chicken Tuscany in a Savory Sauce,51,29,20,346,
Royal Canin,Glycobalance,51,34,14,200,"""prescription"" diet"
Royal Canin,Intense Beauty - Loaf in Sauce,51,36,13,255,
WERUVA                                Cats in the Kitchen cans,La Isla Bonita,51,46,3,166,
WERUVA                                Cats in the Kitchen cans,Chicken Frick ‘A Zee,51,47,2,174,
FRISKIES                           Flaked,With Tuna,51,45,4,301,
PRO PLAN                           Savor,"Chicken, Pasta & Spinach in Gravy",51,33,16,274,
MEOW MIX                            Classic Pate,"Mixed Grill w/Beef, Tuna & Chicken",51,42,7,402,
NATURAL BALANCE      Delectable Delights,Purrfect Paella,51,40,9,282,
PRO PLAN                           Savor,"Beef, Carrots & Rice",51,30,19,293,
SOULISTIC                    Pate and Shreds ,Chicken & Salmon,51,42,7,284,
FANCY FEAST                 Medleys in Gravy or Broth,Whitefish & Shrimp Recipe Gravy,51,28,20,318,
PRO PLAN                           Savor,"Chicken, Tuna & Wild Rice in Sauce",52,32,16,230,
SOULISTIC                  Original - cans  ,Sweet Salutations,52,29,20,195,
FANCY FEAST                 Gravy Lovers,Gravy Lovers Ocean Whitefish & Tuna Feast Gravy,52,32,16,283,
FRISKIES                         Prime Fillets,Turkey Dinner in Gravy,52,34,14,321,
FRISKIES                             Tasty Treasures w/ Cheese,"With Ocean Fish, Tuna, & Cheese in Sauce",52,31,17,267,
FANCY FEAST               Roasted/Flaked/Chunky,Flaked Chicken & Tuna Feast,52,44,5,325,
WELLNESS                     CUBED/SLICED/MINCED,Tuna Dinner - Minced,52,35,14,360,
FRISKIES                         Prime Fillets,Chicken & Tuna Dinner in Gravy,52,34,14,282,
Royal Canin,Instinctive 7+ Thin Slices in Gravy,52,28,20,207,
WERUVA                        Original - Chicken & Beef,Funky Chunky Chicken Soup,52,29,20,201,
FRISKIES                            Gravy Sensations,With Chicken in Gravy,52,34,14,266,
WELLNESS                     CUBED/SLICED/MINCED,Tuna Entree - Cubed,52,34,14,355,
FANCY FEAST               Roasted/Flaked/Chunky,Flaked Tuna Feast,52,43,5,291,
FANCY FEAST                 Medleys in Gravy or Broth,Tuna & Shrimp Recipe in Gravy,52,30,18,285,
SOULISTIC                  Original - pouches ,Midnight Delight,52,29,19,226,
FANCY FEAST                 Medleys Tuscany,Tender Turkey Tuscany in a Savory Sauce,52,28,20,277,
FRISKIES                         Prime Fillets,With Chicken in Gravy,52,34,14,274,
FANCY FEAST                 Gravy Lovers,Gravy Lovers Salmon Feast in Gravy,52,33,15,264,
FANCY FEAST                 Gravy Lovers,Gravy Lovers Salmon & Sole Feast in Gravy,52,33,15,264,
AVODERM,Tuna & Chicken Entree in Gravy,52,35,13,214,
PRO PLAN                          Focus,Kitten Ocean Whitefish & Tuna,52,43,4,359,
NATURAL BALANCE      Delectable Delights,Life’s a Beach,52,39,8,416,
SOULISTIC                  Original - cans  ,Aqua Grill,52,27,20,219,
FRISKIES                          Savory Shreds,With Ocean Whitefish & Tuna in Sauce,53,34,13,260,
MEOW MIX                            Pate Toppers,Chicken w/Shreds of Chicken,53,38,9,339,
FRISKIES                            Gravy Sensations,With Tuna in Gravy,53,33,14,268,
MEOW MIX                            Tender Favorites in Sauce,Poultry Entree ,53,33,15,415,
FANCY FEAST                 Medleys Primavera,White Meat Chicken Primavera in a Classic Sauce,53,31,16,478,
FRISKIES                          Savory Shreds,Chicken & Salmon Dinner in Gravy,53,34,14,293,
PRO PLAN                           Savor,Turkey & Pasta,53,30,17,308,
PRO PLAN                           Savor,Salmon & Rice in Sauce,53,32,15,242,
IAMS                                      Purrfect Delights,"Winner, Winner with Chicken Dinner",53,46,2,229,
FRISKIES                            Gravy Sensations,WIth Ocean Whitefish & Tuna in Gravy,53,33,14,334,
KASIKS,Salmon,53,35,13,256,
PRO PLAN                           Savor,"Chicken, Tomato & Pasta in Gravy",53,29,18,305,
PRO PLAN                          Focus,Healthy Metabolism Chicken,53,35,12,243,
WERUVA                                Cats in the Kitchen pouches,"Mack, Jack, & Sam",53,29,18,212,
WERUVA                         Truluxe,On the Cat Wok,53,43,4,163,
WERUVA                        Original - Chicken & Beef,Grandma’s Chicken Soup,53,26,21,193,
FANCY FEAST                 Delights with Cheddar,Grilled Tuna & Cheddar Cheese in Gravy,53,26,21,318,The relatively low phos value of 265 for Turkey & Cheddar Cheese in Gravy was obtained from Purina’s Veterinary Product Guide.  It was based on TNA dry matter basis.  This value of 318 for the Tuna came from what appear to be GA values (not accurate) obtained from a phone call to Purina.  I suspect that the phos values for this product is actuallly lower.
PURINA                                    Pro Plan Veterinary Diets,OM Savory Selects in Sauce,53,30,17,279,"""prescription"" diet"
NATURAL BALANCE      Delectable Delights,Catatouille,53,39,8,246,
FANCY FEAST                 Medleys Primavera,Wild Salmon Primavera in a Classic Sauce,53,31,16,264,
PRO PLAN                           Savor,Turkey & Vegetable,53,31,16,312,
PRO PLAN                           Savor,White Meat Chicken & Vegetable,53,31,16,360,
MEOW MIX                            Tender Favorites in Sauce,Chicken & Liver,53,31,16,366,
VeRUS                            New Zealand Formulas w/ Green Lipped Mussel   ,Beef/Apple/Vegetable,53,45,2,845,
PRO PLAN                           Savor,Sole & Vegetable in Sauce,53,32,15,335,
EARTHBORN,Chicken Catcciatori,54,27,20,240,
FANCY FEAST                 Delights with Cheddar,Grilled Chicken & Cheddar Cheese in Gravy,54,26,20,368,The relatively low phos value of 265 for Turkey & Cheddar Cheese in Gravy was obtained from Purina’s Veterinary Product Guide.  It was based on TNA dry matter basis.  This value of 368 for the Chicken came from what appear to be GA values (not accurate) obtained from a phone call to Purina.  I suspect that the phos values for this product is actuallly lower.
FANCY FEAST                 Delights with Cheddar,Grilled Whitefish & Cheddar Cheese in Gravy,54,26,20,413,The relatively low phos value of 265 for Turkey & Cheddar Cheese in Gravy was obtained from Purina’s Veterinary Product Guide.  It was based on TNA dry matter basis.  This value of 413 for the Whitefish came from what appear to be GA values (not accurate) obtained from a phone call to Purina.  I suspect that the phos values for this product is actuallly lower.
FIRST MATE,Salmon,54,33,14,281,
NATURE’S RECIPE             Culinary Favorites - Grilled,Tuna & Garden Vegetables ,54,39,7,236,
FANCY FEAST                 Medleys Primavera,Tuna Primavera in a Classic Sauce,54,28,18,257,
FANCY FEAST               Roasted/Flaked/Chunky,Roasted Chicken Feast,54,40,6,284,
SOULISTIC                    Moist and Tender - pouches ,Tuna & Duck,54,34,13,177,
AVODERM                    pouches,Salmon in Gravy,54,33,13,462,
FANCY FEAST                 Medleys Primavera,Tender Turkey Primavera in a Classic Sauce,54,26,20,339,
PRO PLAN                           Savor,Turkey & Rice,54,31,15,287,
PRO PLAN                           Savor,Trout & Pasta,54,30,16,293,
FANCY FEAST              Marinated Morsels in Gravy,Marinated Morsels Turkey Feast in Gravy,54,34,12,302,
B.F.F. (Weruva)              pouches,Tuna & Duck Devour Me,54,34,13,177,
B.F.F. (Weruva)              pouches,Tuna & Turkey Tickles,54,32,14,195,
Royal Canin,Adult Instinctive - Thin Slices in Gravy,54,32,14,261,
PRO PLAN                           Savor,Salmon & Cheese,54,31,15,229,
FANCY FEAST                 Medleys Shredded,Shredded Turkey Fare,54,30,16,282,
FANCY FEAST               Grilled in Gravy,Grilled Tender Beef & Liver in Gravy,54,31,15,272,
PRO PLAN                           Savor,"Salmon, Shrimp & Rice in Sauce",54,29,16,280,
PRO PLAN                           Savor,Sole Entree w/Spinach in Sauce,54,33,13,364,
PURINA                                    Pro Plan Veterinary Diets,UR Savory Selects in Sauce - Turkey & Giblets,54,33,13,214,"""prescription"" diet"
SOULISTIC                    Moist and Tender - pouches ,Tuna & Turkey,54,32,14,195,
MEOW MIX                            Pate Toppers,Whitefish w/Flakes of Salmon,54,38,8,368,
FRISKIES                            Gravy Sensations,With Turkey & Giblets in Gravy,54,31,14,295,
MEOW MIX                            Classic Pate,Turkey & Liver,54,40,6,374,
FANCY FEAST              Marinated Morsels in Gravy,Marinated Morsels Chicken Feast in Gravy,55,33,13,298,
PRO PLAN                           Savor,Chicken & RIce in Gravy,55,30,16,247,
PURINA                                    Pro Plan Veterinary Diets,UR Savory Selects in Sauce - Salmon,55,32,14,254,"""prescription"" diet"
FANCY FEAST                 Medleys Florentine,Turkey Florentine with Garden Greens,55,30,15,292,
PRO PLAN                           Savor,Seafood Stew,55,29,16,306,
FRISKIES                         Prime Fillets,With Ocean Whitefish & Tuna in Sauce,55,31,14,310,
PURINA ONE                       True Instinct,Chicken in Gravy,55,32,13,280,
SOULISTIC                    Moist and Tender - pouches ,Tuna & Lamb,55,30,15,207,
B.F.F. (Weruva)              pouches,Tuna & Lamb Luv Ya,55,30,15,207,
I and Love and You,Tuna Fintastic,55,30,15,386,
Royal Canin,Spayed/Neutered - Thin Slices in Gravy,55,29,15,303,
WERUVA                                Cats in the Kitchen pouches,"1 If By Land, 2 If By Sea",55,29,16,200,
PRO PLAN                           Savor,Beef & Chicken,55,32,13,221,
FANCY FEAST              Marinated Morsels in Gravy,Marinated Morsels Beef Feast in Gravy,55,33,12,280,
FANCY FEAST               Grilled in Gravy,Grilled Liver & Chicken Feast in Gravy,55,32,13,309,
FANCY FEAST               Grilled in Gravy,Grilled Chicken Feast in Gravy,55,32,12,282,
FRISKIES                            Gravy Sensations,With Salmon in Gravy,55,30,15,301,
PRO PLAN                           Savor,"Tuna, Shrimp & Rice",55,27,17,288,
FANCY FEAST                 Medleys in Gravy or Broth,Turkey & White Meat Chicken Recipe in Gravy,55,32,12,287,
FANCY FEAST                 Medleys Florentine,Wild Salmon Florentine in a Delicate Sauce,55,33,12,261,
FANCY FEAST               Grilled in Gravy,Grilled Beef in Gravy,55,32,12,289,
MEOW MIX                            Tender Favorites in Sauce,Chicken & Beef,55,35,10,255,
SOULISTIC                  Original - cans  ,Double Happiness,55,43,2,209,
SOULISTIC                  Original - cans  ,Nautical Nirvana,56,31,14,203,
NATURE’S LOGIC,Sardine,56,38,6,341,
PURINA ONE                       True Instinct,Turkey in Gravy,56,33,12,273,
SOULISTIC                  Original - pouches ,Triple Harmony,56,22,23,214,
FANCY FEAST               Roasted/Flaked/Chunky,Roasted Turkey Feast,56,38,6,265,
MEOW MIX                            Pate Toppers,Whitefish w/Flakes of Tuna,56,36,8,361,
FANCY FEAST               Grilled in Gravy,Grilled Salmon in Gravy,56,31,13,266,
FANCY FEAST                 Medleys Florentine,White Meat Chicken Florentine in a Delicate Sauce,56,31,13,402,
PRO PLAN                          Focus,Healthy Metabolism Turkey,56,31,13,259,
SOULISTIC                    Moist and Tender - pouches ,Tuna & Beef,56,29,15,198,
B.F.F. (Weruva)              pouches,Tuna & Beef Babycakes,56,29,15,199,
Royal Canin,Adult Instinctive - Loaf in Sauce,56,31,13,280,
WERUVA                                Cats in the Kitchen pouches,Love Me Tender,56,27,17,205,
WERUVA                        Original - Chicken & Beef,Green Eggs & Chicken,56,35,9,230,
FANCY FEAST               Grilled in Gravy,Grilled Seafood in Gravy,56,32,12,289,
FANCY FEAST                 Medleys Shredded,Shredded Wild Salmon Fare,56,33,11,260,
AVODERM,Chopped Sardines in Consomme,56,35,9,348,
MEOW MIX                            Pate Toppers,Salmon w/Flakes of Tuna,56,36,8,343,
SOULISTIC                  Original - cans  ,Golden Fortune,56,26,17,199,
FANCY FEAST               Grilled in Gravy,Grilled Turkey Feast in Gravy,56,31,13,271,
SOULISTIC                  Original - cans  ,Tri-Fusion,56,27,17,252,
FANCY FEAST               Grilled in Gravy,Grilled Turkey & Giblets in Gravy,56,31,13,266,
PRO PLAN                          Focus,Weight Management Turkey & Rice,57,35,9,282,
SOULISTIC                  Original - pouches ,Island Illusion,57,30,14,231,
FANCY FEAST               Grilled in Gravy,Grilled Salmon & Shrimp in Gravy,57,31,12,298,
FANCY FEAST                 Medleys Shredded,Shredded White Meat Chicken Fare,57,32,11,351,
AGAINST the GRAIN,Chicken & Pumpkin Samba,57,22,21,471,
WERUVA                                Cats in the Kitchen cans,Two Tu Tango,57,38,5,343,
LOTUS                                 Just Juicy,Pork,57,31,12,270,
FANCY FEAST               Roasted/Flaked/Chunky,Flaked Tuna & Mackerel Feast,57,37,6,324,
MEOW MIX                            Savory Morsels in Gravy,Chicken & Shrimp,57,30,13,327,
MEOW MIX                            Tender Favorites in Sauce,Turkey & Giblets,57,30,13,327,
FUSSIE CAT                    Super Premium,Chicken with Duck,57,28,15,188,
PRO PLAN                          True Nature,Chicken & Turkey in Gravy,57,37,6,262,
EARTHBORN,Harbor Harvest,57,28,15,281,
PRO PLAN                          True Nature,Chicken & Salmon in Sauce,57,37,6,273,
PRO PLAN                           Savor,Turkey & Giblets,57,36,7,279,
FANCY FEAST               Grilled in Gravy,Grilled Ocean Whitefish & Tuna in Gravy,58,30,13,302,
LOTUS                                 Just Juicy,Turkey,58,31,11,230,
SOULISTIC                  Original - cans  ,Good Karma,58,26,17,214,
FANCY FEAST               Grilled in Gravy,Grilled Tuna in Gravy,58,28,14,282,
PURINA ONE                       True Instinct,Tuna ,58,28,14,273,
Royal Canin,Calorie Control - Pate,58,32,11,270,"""prescription"" diet"
SOULISTIC                  Original - cans  ,Pure Bliss,58,22,20,212,
NATURE’S RECIPE             Grain Free in Broth,Chicken & Turkey,58,40,2,190,
PRO PLAN                           Savor,Tuna in Sauce,58,29,13,291,
PRO PLAN                          True Nature,Salmon & Catfish in Sauce,58,35,6,268,
MEOW MIX                            Classic Pate,Tuna,59,35,7,388,
SOULISTIC                    Moist and Tender - pouches ,Tuna & Chicken,59,32,9,195,
LOTUS                                 Just Juicy,Chicken,59,29,12,231,
B.F.F. (Weruva)              pouches,Tuna & Chicken Charm Me,59,32,9,195,
WERUVA                        Original - Chicken & Beef,Nine Liver,59,33,9,200,
SOULISTIC                  Original - cans  ,Seaside Serenity,59,28,13,196,
PRO PLAN                          Focus,Healthy Metabolism Salmon,59,30,11,230,
AVODERM                    pouches,Ocean Fish in Gravy,59,29,12,316,
NATURE’S RECIPE             Grain Free in Broth,Chicken & Salmon,59,35,5,198,
FANCY FEAST              Marinated Morsels in Gravy,Marinated Morsels Salmon Feast in Gravy,59,29,12,307,
AVODERM,Tuna & Crab Meat Entree in Gravy,60,32,8,287,
SOULISTIC                    Pate and Shreds ,Beef & Salmon,60,35,6,341,
FANCY FEAST                 Medleys Florentine,Tuna Florentine in a Delicate Sauce,60,26,14,394,
NATURE’S RECIPE             Grain Free in Broth,Chicken,60,34,6,194,
WERUVA                                Cats in the Kitchen cans,Kitty Gone Wild,60,35,5,412,
WERUVA                         Truluxe,Honor Roll,60,37,3,246,
PRO PLAN                          True Nature,Beef & Liver in Gravy,60,34,6,297,
SOULISTIC                  Original - cans  ,Shrimply Divine,60,40,0,227,
FUSSIE CAT                    Super Premium,Chicken with Egg,61,24,15,191,
SOULISTIC                  Original - pouches ,Good Karma,61,25,14,184,
Royal Canin,Ultra Light - Loaf in Sauce,61,26,13,291,
Royal Canin,Ultra Light - Thin Slices in Gravy,61,29,10,305,
TIKI CAT                           Fish/Seafood,Makaha Luau,61,39,0,488,
WERUVA                         Truluxe,Kawa Booty,61,34,6,248,
WERUVA                        Original - Seafood,Mideast Feast,61,32,7,202,
PRO PLAN                          True Nature,Ocean Whitefish & Trout in Sauce,62,32,6,309,
FANCY FEAST              Marinated Morsels in Gravy,Marinated Morsels Tuna Feast in Gravy,62,25,13,303,
Royal Canin,Spayed/Neutered - Loaf in Sauce,62,32,7,310,
WERUVA                         Truluxe,Peking Ducken,62,29,9,195,
WERUVA                        Original - Seafood,Marbella Paella,62,37,1,253,
WERUVA                        Original - Seafood,Aisan Fusion,62,37,1,295,
WERUVA                        Original - Seafood,Outback Grill,62,37,1,562,
AGAINST the GRAIN,Captain’s Catch w/Sardine & Mackerel,62,35,2,553,
SOULISTIC                    Moist and Tender - pouches ,Tuna & Salmon,63,24,13,254,
SOULISTIC                  Original - cans  ,Upstream Dream,63,33,5,248,
9Lives                                 Tender Morsels in Sauce,Tuna & Cheese Bits,63,27,10,227,
FANCY FEAST                 Medleys Shredded,Shredded Tuna Fare,63,23,14,279,
9Lives                                 Tender Morsels in Sauce,Tuna & Egg Bits,63,27,10,226,
B.F.F. (Weruva)              pouches,Tuna & Salmon Sweet Cheeks,63,24,13,253,
WERUVA                                Cats in the Kitchen cans,Funk in the Trunk,63,29,8,250,
WERUVA                                Cats in the Kitchen pouches,Pumpkin Lickin’ Chicken,63,25,12,195,
AVODERM,"Sardine, Shrimp, Crab Entree in Gravy",63,31,6,297,
FUSSIE CAT                    Super Premium,Chicken & Vegetables,63,18,19,185,
ARTEMIS,Tuna & Salmon in Gravy,63,30,7,297,
FUSSIE CAT                    Super Premium,Chicken in Gravy,63,20,17,191,
B.F.F. (Weruva)                   cans,Tuna & Shrimp Sweethearts,64,33,2,236,
B.F.F. (Weruva)                   cans,Tuna & Pumpkin Valentine,64,31,5,243,
TIKI CAT                           Fish/Seafood,Waikiki Luau,64,36,0,222,
WERUVA                        Original - Seafood,Meow Luau,64,33,3,253,
WERUVA                        Original - Seafood,Polynesian BBQ,64,30,6,354,
NATURE’S RECIPE             Grain Free in Broth,Indoor,65,34,2,237,
AGAINST the GRAIN,Aloha Tuna w/Seaweed & Crab,65,35,0,295,
AVODERM,Tuna w/Prawns in Consomme,65,31,5,277,
WERUVA                         Truluxe,Mediterranean Harvest,65,21,13,237,
WERUVA                        Original - Chicken & Beef,Paw Lickin’ Chicken,65,32,3,196,
ARTEMIS,Tuna & Pumpkin in Gravy,65,27,7,298,
ARTEMIS,Tuna & Chicken in Gravy,65,28,7,300,
AVODERM                    pouches,Tuna in Gravy,66,24,10,339,
ARTEMIS,Tuna in Gravy in Gravy,66,28,7,296,
MEOW MIX                            Tender Favorites in Sauce,Tuna & Shrimp,66,33,2,260,
B.F.F. (Weruva)                   cans,Tuna & Salmon Soulmates,66,32,2,236,
TIKI CAT                           Fish/Seafood,Lanai Luau,66,34,0,233,
WERUVA                                Cats in the Kitchen cans,Goldie Lox,66,30,4,252,
EARTHBORN,Monterey Medley,66,23,10,275,
ARTEMIS,Tuna & Shrimp in Gravy,67,27,6,299,
NATURAL BALANCE      Delectable Delights,LID Tuna & Pumpkin cups,67,32,1,275,
WERUVA                                Cats in the Kitchen pouches,Pumpkin Jack Splash,67,19,14,258,
SOULISTIC                  Original - cans  ,Polynesian Picnic,68,26,6,244,
FUSSIE CAT                    Super Premium,Chicken & Beef In Pumpkin Soup ,68,28,4,282,
MEOW MIX                            Tender Favorites in Sauce,Salmon & Crab ,68,29,3,298,
AGAINST the GRAIN,Shrimp Daddy w/Tuna & Salmon,68,31,1,280,
B.F.F. (Weruva)                   cans,Tuna & Bonito Be Mine,68,30,2,240,
B.F.F. (Weruva)                   cans,Tuna & Tilapia Twosome,68,30,2,240,
NATURAL BALANCE      Delectable Delights,LID Chicken & Pumpkin cups,68,29,3,245,
9Lives                                 Tender Morsels in Sauce,Flaked Tuna,68,28,4,238,
FANCY FEAST                 Natural,Natural Wild Alaskan Salmon & White Meat in Broth,68,32,0,333,
FUSSIE CAT                    Super Premium,Chicken with Liver In Pumpkin Soup,69,27,5,303,
B.F.F. (Weruva)                   cans,Tuna & Chicken 4-EVA,69,29,2,234,
B.F.F. (Weruva)                   cans,Tuna & Chicken Chuckles,69,29,2,237,
B.F.F. (Weruva)                   cans,Tuna Too Cool,69,29,2,248,
FUSSIE CAT                  Premium,Tuna with Chicken Liver,69,25,5,318,
FRISKIES                            Gravy Sensations,With Beef & Chicken in Gravy,69,10,20,428,
TIKI CAT                           Fish/Seafood,Molokai Luau,70,30,0,170,
TIKI CAT                           Fish/Seafood,Waimea Luau,70,30,0,327,
TIKI CAT                           Fish/Seafood,Tahitian Grill,70,30,0,400,
WERUVA                         Truluxe,Quick ’N Quirky,70,30,0,259,
EARTHBORN,Catalina Catch,70,29,1,291,
SOULISTIC                  Original - cans  ,Aromatic Chicken,71,29,1,207,
FUSSIE CAT                  Premium,Tuna with Ocean Fish,71,25,4,313,
FUSSIE CAT                  Premium,Tuna with Threadfin Bream,71,21,8,295,
TIKI CAT                           Fish/Seafood,Manana Grill,71,29,0,151,
TRADER JOE’S    ,Tuna - Supplemental diet ONLY,71,27,2,368,The Tuna should only be fed as a supplement (no more than 15% of the total diet) to a balanced diet.  The TNA data lists the calcium as deficient.
TIKI CAT                           Fish/Seafood,Honolulu Luau,72,28,0,253,
TIKI CAT                       Chicken/Fish,Napili Luau ,72,28,0,150,
WERUVA                         Truluxe,Pretty In Pink,72,29,0,229,
FUSSIE CAT                  Premium,Tuna with Clams,72,27,1,303,
AGAINST the GRAIN,Bimini Brunch w/Krill & Egg,72,28,0,318,
FUSSIE CAT                  Premium,Tuna with Mussels,72,27,1,300,
SOULISTIC                  Original - pouches ,Luna Tuna,72,23,5,253,
FANCY FEAST                 Natural,Natural White Meat Chicken & Beef in Broth,73,27,0,327,
PRO PLAN                          Focus,Kitten Salmon & Oceanfish,73,26,2,702,
AGAINST the GRAIN,Big Kahuna w/Crab & Tilapia,73,25,2,330,
FUSSIE CAT                  Premium,Tuna with Prawns,73,26,1,313,
FUSSIE CAT                  Premium,Tuna with Salmon,73,27,0,307,
SOULISTIC                  Original - pouches ,Autumn Bounty,74,17,9,220,
FUSSIE CAT                  Premium,Tuna with Shrimp,74,26,1,309,
TIKI CAT                           Fish/Seafood,Papeekeo Luau,74,26,0,255,
FANCY FEAST                 Natural,Natural Tender Tongol Tuna in Broth,74,26,0,322,
FUSSIE CAT                  Premium,Tuna with Anchovies,74,25,0,318,
FANCY FEAST                 Natural,Natural Seabass & Shrimp in Broth,75,25,0,333,
FANCY FEAST                 Natural,Natural Flaked Skipjack Tuna in Broth,75,25,0,340,
FUSSIE CAT                  Premium,Tuna with Smoked Tuna,75,22,4,290,
FUSSIE CAT                  Premium,Tuna with Chicken,75,25,0,307,
WERUVA                         Truluxe,Meow Me a River,75,24,1,201,
FANCY FEAST                 Natural,Natural White Meat Chicken in Broth,75,25,0,315,
FUSSIE CAT                  Premium,Tuna,76,21,3,326,
TIKI CAT                           Fish/Seafood,Hanalei Luau,76,24,0,176,
AGAINST the GRAIN,Caribbean Club w/Chicken & Cheese,77,23,0,402,
TIKI CAT                           Fish/Seafood,Hana Luau,77,23,0,231,
TIKI CAT                      Chicken (no fish),Puka Puka Luau,77,23,0,154,
FANCY FEAST                 Natural,Natural White Meat Chicken & Flaked Tuna in Broth,77,23,0,343,
WERUVA                        Original - Seafood,Mack & Jack,78,22,0,337,
TIKI CAT                       Chicken/Fish,Hookena Luau ,82,18,0,245,
TIKI CAT                      Chicken (no fish),Koolina Luau,84,16,0,149,
HILL’s                                     Ideal Balance - Grain Free,Roasted Chicken,25-28,49-52,20-26,125-163,
HILL’s                                     Ideal Balance - Grain Free,Slow-Cooked Venison,25-28,49-52,20-26,125-163,
HILL’s                                     Ideal Balance - Grain Free,Poached Trout,25-28,49-52,20-26,125-163,
HILL’s                                     Ideal Balance - Grain Free,Gourmet Tuna,25-28,49-52,20-26,125-163,
HILL’s                                     Ideal Balance - Grain Free,Braised Salmon,25-28,49-52,20-26,125-163,
SCIENCE DIET                 Adult Entrees,Chicken,28-34,44-51,20-26,158-188,
SCIENCE DIET                 Adult Entrees,Liver & Chicken,28-34,44-51,20-26,158-188,
SCIENCE DIET                 Adult Entrees,Turkey,28-34,44-51,20-26,158-188,
SCIENCE DIET                 Adult Entrees,Turkey & Giblets,28-34,44-51,20-26,158-188,
SCIENCE DIET                 Adult Entrees,Beef,28-34,44-51,20-26,158-188,
SCIENCE DIET                 Adult Entrees,Salmon,28-34,44-51,20-26,158-188,
SCIENCE DIET                 Adult Entrees,Seafood,28-34,44-51,20-26,158-188,
SCIENCE DIET               Mature Adult        ,Chicken Entree,29-33,41-46,22-30,156-164,
SCIENCE DIET               Mature Adult        ,Turkey Entree,29-33,41-46,22-30,156-164,
SCIENCE DIET               Mature Adult        ,Beef Entree,29-33,41-46,22-30,156-164,
SCIENCE DIET             Hairball Control      ,Chicken,30-31,45-48,21-25,149-170,
SCIENCE DIET             Hairball Control      ,Seafood,30-31,45-48,21-25,149-170,
SCIENCE DIET              Indoor      ,Chicken,30-32,48,20-22,147-170,
SCIENCE DIET              Indoor      ,Seafood,30-32,48,20-22,147-170,
HILL’s                                    Ideal Balance,Slow-Cooked Chicken,32-40,38-46,19-25,161-237,
HILL’s                                    Ideal Balance,Roasted Turkey,32-40,38-46,19-25,161-237,
HILL’s                                    Ideal Balance,Venison & Rice,32-40,38-46,19-25,161-237,
HILL’s                                    Ideal Balance,Braised Trout,32-40,38-46,19-25,161-237,
HILL’s                                    Ideal Balance,Baked Tuna,32-40,38-46,19-25,161-237,
HILL’s                                    Ideal Balance,Poached Salmon & Rice,32-40,38-46,19-25,161-237,
SCIENCE DIET                Adult Tender Dinners,Chicken,33-37,39-42,24-25,140-151,
SCIENCE DIET                Adult Tender Dinners,Tuna,33-37,39-42,24-25,140-151,
SCIENCE DIET                Adult Tender Dinners,Ocean Fish,33-37,39-42,24-25,140-151,
SCIENCE DIET               Mature Adult        ,Chicken Dinner,33-37,39-42,24-25,140-151,
SCIENCE DIET               Mature Adult        ,Tuna Dinner,33-37,39-42,24-25,140-151,
SCIENCE DIET                Kitten,LIver & Chicken,38-40,47-50,12-13,198-212,
SCIENCE DIET                Kitten,Turkey & Giblets,38-40,47-50,12-13,198-212,
SCIENCE DIET                Kitten,Savory Salmon,38-40,47-50,12-13,198-212,
APPLAWS,,,,,,This company does not make any products that are complete & balanced for use as a sole diet.
AUTHORITY,AUTHORITY,,,,,Petsmart brand.   Purchase is not recommended.  See Notes - ‘List of Shame.’
BEYOND - PATE                             Grain Free,Pheasant & Sweet Potato  ,,,,,
BEYOND - PATE                             Grain Free,Ocean Whitefish & Spinach  ,,,,,
BLUE                             Healthy Gourmet,Grilled Salmon,,,,,
DAVE’s                           Restricted Diet,Original Formula - Pork - low phosphorus & magnesium,,,,,
FRISKIES                             Indoor,Chicken Dinner w/Garden Greens Pate,,,,,
FRISKIES                             Indoor,Classic Pate Salmon Dinner w/Garden Greens,,,,,
FRISKIES                         Classic Pates,Chicken & Tuna,,,,,
GOOD NATURED,GOOD NATURED,,,,,Petsmart brand.   Purchase is not recommended.  See Notes - ‘List of Shame.’
GRREAT CHOICE,GRREAT CHOICE,,,,,Petsmart brand.   Purchase is not recommended.  See Notes - ‘List of Shame.’
HALO                               Spot’s Pate - Grain Free,Chicken & Beef,,,,,
HALO                               Spot’s Pate - Grain Free,Seafood Medley,,,,,
HALO                               Spot’s Pate - Grain Free,Turkey & Giblets,,,,,
HALO                             Impulse - Grain Free,Guinea Hen,,,,,
HALO                             Impulse - Grain Free,"Chicken, Eggs",,,,,
HOUNDS & GATOS,Salmon,,,,,
HOUNDS & GATOS,Oceanfish,,,,,
NEWMAN’S OWN                With Grains,Organic Beef,,,,,
NEWMAN’S OWN                With Grains,Organic Beef & Liver,,,,,
NEWMAN’S OWN                With Grains,Organic Liver - Please to not feed this as a sole diet.,,,,,
NUTRO                            Perfect Portions,Chicken,,,,,
NUTRO                            Perfect Portions,Chicken & Liver,,,,,
NUTRO                            Perfect Portions,Turkey,,,,,
NUTRO                            Perfect Portions,Turkey & Liver,,,,,
NUTRO                            Perfect Portions,Chicken & Shrimp,,,,,
NUTRO                            Perfect Portions,"Chicken, Liver & Shrimp",,,,,
NUTRO                            Perfect Portions,Salmon & Tuna,,,,,
NUTRO                            Perfect Portions,Salmon & Chicken,,,,,
PRO PLAN                           Savor,Chicken Entree w/Tomatoes,,,,,
PRO PLAN                          True Nature,Ocean Whitefish & Salmon Entree,,,,,
PURINA ONE                        Grain Free,Chicken,,,,,
PURINA ONE                        Grain Free,Turkey,,,,,
PURINA ONE                        Grain Free,Beef,,,,,
PURINA ONE                        Grain Free,Ocean Whitefish,,,,,
PURINA ONE                        Ideal Weight,White Meat Chicken,,,,,
PURINA ONE                        Ideal Weight,Salmon,,,,,
PURINA ONE                       True Instinct,Chicken & Turkey in Gravy,,,,,
PURINA ONE                       True Instinct,Chicken & Salmon,,,,,
PURINA ONE                       True Instinct,Salmon & Trout,,,,,
SIMPLY NOURISH    ,SIMPLY NOURISH    ,,,,,Petsmart brand.   Purchase is not recommended.  See Notes - ‘List of Shame.’
VeRUS                            New Zealand Formulas w/ Green Lipped Mussel   ,Lamb/Pumpkin,,,,,
VeRUS                            USA Formulas    ,Beef Pate ,,,,,